0 verbose cli C:\Program Files\nodejs\node.exe C:\Program Files\nodejs\node_modules\npm\bin\npm-cli.js
1 info using npm@11.9.0
2 info using node@v24.14.0
3 silly config load:file:C:\Users\mohith shetty\AppData\Roaming\nvm\v24.14.0\node_modules\npm\npmrc
4 silly config load:file:C:\Users\mohith shetty\Downloads\undangan-4.x\undangan-4.x\.npmrc
5 silly config load:file:C:\Users\mohith shetty\.npmrc
6 silly config load:file:C:\Users\mohith shetty\AppData\Roaming\npm\etc\npmrc
7 verbose title npm install
8 verbose argv "install" "--cache" ".npm-cache"
9 verbose logfile logs-max:10 dir:C:\Users\mohith shetty\Downloads\undangan-4.x\undangan-4.x\.npm-cache\_logs\2026-09-29T15_21_42_302Z-
10 verbose logfile C:\Users\mohith shetty\Downloads\undangan-4.x\undangan-4.x\.npm-cache\_logs\2026-09-29T15_21_42_302Z-debug-0.log
11 silly logfile done cleaning log files
12 silly packumentCache heap:4496293888 maxSize:1124073472 maxEntrySize:562036736
13 silly idealTree buildDeps
14 silly fetch manifest esbuild@^0.25.10
15 silly packumentCache full:https://registry.npmjs.org/esbuild cache-miss
16 http fetch GET 200 https://registry.npmjs.org/npm 412ms
17 http fetch GET 200 https://registry.npmjs.org/esbuild 466ms (cache miss)
18 silly packumentCache full:https://registry.npmjs.org/esbuild set size:undefined disposed:false
19 silly fetch manifest @eslint/js@^9.37.0
20 silly packumentCache full:https://registry.npmjs.org/@eslint%2fjs cache-miss
21 http fetch GET 200 https://registry.npmjs.org/@eslint%2fjs 93ms (cache miss)
22 silly packumentCache full:https://registry.npmjs.org/@eslint%2fjs set size:undefined disposed:false
23 silly fetch manifest eslint@^9.37.0
24 silly packumentCache full:https://registry.npmjs.org/eslint cache-miss
25 http fetch GET 200 https://registry.npmjs.org/eslint 161ms (cache miss)
26 silly packumentCache full:https://registry.npmjs.org/eslint set size:undefined disposed:false
27 silly fetch manifest jiti@*
28 silly packumentCache full:https://registry.npmjs.org/jiti cache-miss
29 http fetch GET 200 https://registry.npmjs.org/jiti 110ms (cache miss)
30 silly packumentCache full:https://registry.npmjs.org/jiti set size:undefined disposed:false
31 silly fetch manifest fs-extra@^11.3.2
32 silly packumentCache full:https://registry.npmjs.org/fs-extra cache-miss
33 http fetch GET 200 https://registry.npmjs.org/fs-extra 104ms (cache miss)
34 silly packumentCache full:https://registry.npmjs.org/fs-extra set size:undefined disposed:false
35 silly fetch manifest globals@^16.4.0
36 silly packumentCache full:https://registry.npmjs.org/globals cache-miss
37 http fetch GET 200 https://registry.npmjs.org/globals 87ms (cache miss)
38 silly packumentCache full:https://registry.npmjs.org/globals set size:undefined disposed:false
39 silly fetch manifest htmlhint@^1.7.1
40 silly packumentCache full:https://registry.npmjs.org/htmlhint cache-miss
41 http fetch GET 200 https://registry.npmjs.org/htmlhint 83ms (cache miss)
42 silly packumentCache full:https://registry.npmjs.org/htmlhint set size:undefined disposed:false
43 silly fetch manifest madge@^8.0.0
44 silly packumentCache full:https://registry.npmjs.org/madge cache-miss
45 http fetch GET 200 https://registry.npmjs.org/madge 126ms (cache miss)
46 silly packumentCache full:https://registry.npmjs.org/madge set size:undefined disposed:false
47 silly fetch manifest typescript@^5.4.4
48 silly packumentCache full:https://registry.npmjs.org/typescript cache-miss
49 http fetch GET 200 https://registry.npmjs.org/typescript 575ms (cache miss)
50 silly packumentCache full:https://registry.npmjs.org/typescript set size:undefined disposed:false
51 silly fetch manifest stylelint@^16.25.0
52 silly packumentCache full:https://registry.npmjs.org/stylelint cache-miss
53 http fetch GET 200 https://registry.npmjs.org/stylelint 170ms (cache miss)
54 silly packumentCache full:https://registry.npmjs.org/stylelint set size:undefined disposed:false
55 silly fetch manifest stylelint-config-recommended@^17.0.0
56 silly packumentCache full:https://registry.npmjs.org/stylelint-config-recommended cache-miss
57 http fetch GET 200 https://registry.npmjs.org/stylelint-config-recommended 88ms (cache miss)
58 silly packumentCache full:https://registry.npmjs.org/stylelint-config-recommended set size:undefined disposed:false
59 silly placeDep ROOT @eslint/js@9.39.5 OK for:  want: ^9.37.0
60 silly placeDep ROOT esbuild@0.25.12 OK for:  want: ^0.25.10
61 silly placeDep ROOT eslint@9.39.5 OK for:  want: ^9.37.0
62 silly placeDep ROOT fs-extra@11.4.1 OK for:  want: ^11.3.2
63 silly placeDep ROOT globals@16.5.0 OK for:  want: ^16.4.0
64 silly placeDep ROOT htmlhint@1.9.2 OK for:  want: ^1.7.1
65 silly placeDep ROOT madge@8.0.0 OK for:  want: ^8.0.0
66 silly placeDep ROOT stylelint@16.26.1 OK for:  want: ^16.25.0
67 silly placeDep ROOT stylelint-config-recommended@17.0.0 OK for:  want: ^17.0.0
68 silly fetch manifest @esbuild/aix-ppc64@0.25.12
69 silly packumentCache full:https://registry.npmjs.org/@esbuild%2faix-ppc64 cache-miss
70 silly fetch manifest @esbuild/linux-arm@0.25.12
71 silly packumentCache full:https://registry.npmjs.org/@esbuild%2flinux-arm cache-miss
72 silly fetch manifest @esbuild/linux-x64@0.25.12
73 silly packumentCache full:https://registry.npmjs.org/@esbuild%2flinux-x64 cache-miss
74 silly fetch manifest @esbuild/sunos-x64@0.25.12
75 silly packumentCache full:https://registry.npmjs.org/@esbuild%2fsunos-x64 cache-miss
76 silly fetch manifest @esbuild/win32-x64@0.25.12
77 silly packumentCache full:https://registry.npmjs.org/@esbuild%2fwin32-x64 cache-miss
78 silly fetch manifest @esbuild/darwin-x64@0.25.12
79 silly packumentCache full:https://registry.npmjs.org/@esbuild%2fdarwin-x64 cache-miss
80 silly fetch manifest @esbuild/linux-ia32@0.25.12
81 silly packumentCache full:https://registry.npmjs.org/@esbuild%2flinux-ia32 cache-miss
82 silly fetch manifest @esbuild/netbsd-x64@0.25.12
83 silly packumentCache full:https://registry.npmjs.org/@esbuild%2fnetbsd-x64 cache-miss
84 silly fetch manifest @esbuild/win32-ia32@0.25.12
85 silly packumentCache full:https://registry.npmjs.org/@esbuild%2fwin32-ia32 cache-miss
86 silly fetch manifest @esbuild/android-arm@0.25.12
87 silly packumentCache full:https://registry.npmjs.org/@esbuild%2fandroid-arm cache-miss
88 silly fetch manifest @esbuild/android-x64@0.25.12
89 silly packumentCache full:https://registry.npmjs.org/@esbuild%2fandroid-x64 cache-miss
90 http fetch GET 200 https://registry.npmjs.org/@esbuild%2flinux-arm 161ms (cache miss)
91 silly packumentCache full:https://registry.npmjs.org/@esbuild%2flinux-arm set size:undefined disposed:false
92 silly fetch manifest @esbuild/freebsd-x64@0.25.12
93 silly packumentCache full:https://registry.npmjs.org/@esbuild%2ffreebsd-x64 cache-miss
94 http fetch GET 200 https://registry.npmjs.org/@esbuild%2faix-ppc64 168ms (cache miss)
95 silly packumentCache full:https://registry.npmjs.org/@esbuild%2faix-ppc64 set size:undefined disposed:false
96 silly fetch manifest @esbuild/linux-arm64@0.25.12
97 silly packumentCache full:https://registry.npmjs.org/@esbuild%2flinux-arm64 cache-miss
98 http fetch GET 200 https://registry.npmjs.org/@esbuild%2fwin32-x64 351ms (cache miss)
99 silly packumentCache full:https://registry.npmjs.org/@esbuild%2fwin32-x64 set size:undefined disposed:false
100 silly fetch manifest @esbuild/linux-ppc64@0.25.12
101 silly packumentCache full:https://registry.npmjs.org/@esbuild%2flinux-ppc64 cache-miss
102 http fetch GET 200 https://registry.npmjs.org/@esbuild%2fnetbsd-x64 357ms (cache miss)
103 silly packumentCache full:https://registry.npmjs.org/@esbuild%2fnetbsd-x64 set size:undefined disposed:false
104 silly fetch manifest @esbuild/linux-s390x@0.25.12
105 silly packumentCache full:https://registry.npmjs.org/@esbuild%2flinux-s390x cache-miss
106 http fetch GET 200 https://registry.npmjs.org/@esbuild%2fwin32-ia32 361ms (cache miss)
107 silly packumentCache full:https://registry.npmjs.org/@esbuild%2fwin32-ia32 set size:undefined disposed:false
108 silly fetch manifest @esbuild/openbsd-x64@0.25.12
109 silly packumentCache full:https://registry.npmjs.org/@esbuild%2fopenbsd-x64 cache-miss
110 http fetch GET 200 https://registry.npmjs.org/@esbuild%2flinux-x64 371ms (cache miss)
111 silly packumentCache full:https://registry.npmjs.org/@esbuild%2flinux-x64 set size:undefined disposed:false
112 silly fetch manifest @esbuild/win32-arm64@0.25.12
113 silly packumentCache full:https://registry.npmjs.org/@esbuild%2fwin32-arm64 cache-miss
114 http fetch GET 200 https://registry.npmjs.org/@esbuild%2ffreebsd-x64 215ms (cache miss)
115 silly packumentCache full:https://registry.npmjs.org/@esbuild%2ffreebsd-x64 set size:undefined disposed:false
116 silly fetch manifest @esbuild/darwin-arm64@0.25.12
117 silly packumentCache full:https://registry.npmjs.org/@esbuild%2fdarwin-arm64 cache-miss
118 http fetch GET 200 https://registry.npmjs.org/@esbuild%2fandroid-arm 383ms (cache miss)
119 silly packumentCache full:https://registry.npmjs.org/@esbuild%2fandroid-arm set size:undefined disposed:false
120 silly fetch manifest @esbuild/netbsd-arm64@0.25.12
121 silly packumentCache full:https://registry.npmjs.org/@esbuild%2fnetbsd-arm64 cache-miss
122 http fetch GET 200 https://registry.npmjs.org/@esbuild%2flinux-arm64 218ms (cache miss)
123 silly packumentCache full:https://registry.npmjs.org/@esbuild%2flinux-arm64 set size:undefined disposed:false
124 silly fetch manifest @esbuild/android-arm64@0.25.12
125 silly packumentCache full:https://registry.npmjs.org/@esbuild%2fandroid-arm64 cache-miss
126 http fetch GET 200 https://registry.npmjs.org/@esbuild%2fdarwin-x64 400ms (cache miss)
127 silly packumentCache full:https://registry.npmjs.org/@esbuild%2fdarwin-x64 set size:undefined disposed:false
128 silly fetch manifest @esbuild/freebsd-arm64@0.25.12
129 silly packumentCache full:https://registry.npmjs.org/@esbuild%2ffreebsd-arm64 cache-miss
130 http fetch GET 200 https://registry.npmjs.org/@esbuild%2fsunos-x64 412ms (cache miss)
131 silly packumentCache full:https://registry.npmjs.org/@esbuild%2fsunos-x64 set size:undefined disposed:false
132 silly fetch manifest @esbuild/linux-loong64@0.25.12
133 silly packumentCache full:https://registry.npmjs.org/@esbuild%2flinux-loong64 cache-miss
134 http fetch GET 200 https://registry.npmjs.org/@esbuild%2fandroid-x64 415ms (cache miss)
135 silly packumentCache full:https://registry.npmjs.org/@esbuild%2fandroid-x64 set size:undefined disposed:false
136 silly fetch manifest @esbuild/linux-riscv64@0.25.12
137 silly packumentCache full:https://registry.npmjs.org/@esbuild%2flinux-riscv64 cache-miss
138 http fetch GET 200 https://registry.npmjs.org/@esbuild%2flinux-ia32 421ms (cache miss)
139 silly packumentCache full:https://registry.npmjs.org/@esbuild%2flinux-ia32 set size:undefined disposed:false
140 silly fetch manifest @esbuild/openbsd-arm64@0.25.12
141 silly packumentCache full:https://registry.npmjs.org/@esbuild%2fopenbsd-arm64 cache-miss
142 http fetch GET 200 https://registry.npmjs.org/@esbuild%2flinux-ppc64 108ms (cache miss)
143 silly packumentCache full:https://registry.npmjs.org/@esbuild%2flinux-ppc64 set size:undefined disposed:false
144 silly fetch manifest @esbuild/linux-mips64el@0.25.12
145 silly packumentCache full:https://registry.npmjs.org/@esbuild%2flinux-mips64el cache-miss
146 http fetch GET 200 https://registry.npmjs.org/@esbuild%2flinux-s390x 121ms (cache miss)
147 silly packumentCache full:https://registry.npmjs.org/@esbuild%2flinux-s390x set size:undefined disposed:false
148 silly fetch manifest @esbuild/openharmony-arm64@0.25.12
149 silly packumentCache full:https://registry.npmjs.org/@esbuild%2fopenharmony-arm64 cache-miss
150 http fetch GET 200 https://registry.npmjs.org/@esbuild%2fopenbsd-x64 126ms (cache miss)
151 silly packumentCache full:https://registry.npmjs.org/@esbuild%2fopenbsd-x64 set size:undefined disposed:false
152 silly fetch manifest ajv@^6.14.0
153 silly packumentCache full:https://registry.npmjs.org/ajv cache-miss
154 http fetch GET 200 https://registry.npmjs.org/@esbuild%2fnetbsd-arm64 112ms (cache miss)
155 silly packumentCache full:https://registry.npmjs.org/@esbuild%2fnetbsd-arm64 set size:undefined disposed:false
156 silly fetch manifest chalk@^4.0.0
157 silly packumentCache full:https://registry.npmjs.org/chalk cache-miss
158 http fetch GET 200 https://registry.npmjs.org/@esbuild%2fwin32-arm64 132ms (cache miss)
159 silly packumentCache full:https://registry.npmjs.org/@esbuild%2fwin32-arm64 set size:undefined disposed:false
160 silly fetch manifest debug@^4.3.2
161 silly packumentCache full:https://registry.npmjs.org/debug cache-miss
162 http fetch GET 200 https://registry.npmjs.org/@esbuild%2fdarwin-arm64 135ms (cache miss)
163 silly packumentCache full:https://registry.npmjs.org/@esbuild%2fdarwin-arm64 set size:undefined disposed:false
164 silly fetch manifest espree@^10.4.0
165 silly packumentCache full:https://registry.npmjs.org/espree cache-miss
166 http fetch GET 200 https://registry.npmjs.org/@esbuild%2fandroid-arm64 131ms (cache miss)
167 silly packumentCache full:https://registry.npmjs.org/@esbuild%2fandroid-arm64 set size:undefined disposed:false
168 silly fetch manifest ignore@^5.2.0
169 silly packumentCache full:https://registry.npmjs.org/ignore cache-miss
170 http fetch GET 200 https://registry.npmjs.org/@esbuild%2fopenbsd-arm64 114ms (cache miss)
171 silly packumentCache full:https://registry.npmjs.org/@esbuild%2fopenbsd-arm64 set size:undefined disposed:false
172 silly fetch manifest esquery@^1.5.0
173 silly packumentCache full:https://registry.npmjs.org/esquery cache-miss
174 http fetch GET 200 https://registry.npmjs.org/@esbuild%2ffreebsd-arm64 145ms (cache miss)
175 silly packumentCache full:https://registry.npmjs.org/@esbuild%2ffreebsd-arm64 set size:undefined disposed:false
176 silly fetch manifest esutils@^2.0.2
177 silly packumentCache full:https://registry.npmjs.org/esutils cache-miss
178 http fetch GET 200 https://registry.npmjs.org/@esbuild%2flinux-riscv64 140ms (cache miss)
179 silly packumentCache full:https://registry.npmjs.org/@esbuild%2flinux-riscv64 set size:undefined disposed:false
180 silly fetch manifest find-up@^5.0.0
181 silly packumentCache full:https://registry.npmjs.org/find-up cache-miss
182 http fetch GET 200 https://registry.npmjs.org/@esbuild%2flinux-loong64 148ms (cache miss)
183 silly packumentCache full:https://registry.npmjs.org/@esbuild%2flinux-loong64 set size:undefined disposed:false
184 silly fetch manifest is-glob@^4.0.0
185 silly packumentCache full:https://registry.npmjs.org/is-glob cache-miss
186 http fetch GET 200 https://registry.npmjs.org/@esbuild%2flinux-mips64el 107ms (cache miss)
187 silly packumentCache full:https://registry.npmjs.org/@esbuild%2flinux-mips64el set size:undefined disposed:false
188 silly fetch manifest minimatch@^3.1.5
189 silly packumentCache full:https://registry.npmjs.org/minimatch cache-miss
190 http fetch GET 200 https://registry.npmjs.org/chalk 94ms (cache miss)
191 silly packumentCache full:https://registry.npmjs.org/chalk set size:undefined disposed:false
192 silly fetch manifest optionator@^0.9.3
193 silly packumentCache full:https://registry.npmjs.org/optionator cache-miss
194 http fetch GET 200 https://registry.npmjs.org/@esbuild%2fopenharmony-arm64 119ms (cache miss)
195 silly packumentCache full:https://registry.npmjs.org/@esbuild%2fopenharmony-arm64 set size:undefined disposed:false
196 silly fetch manifest cross-spawn@^7.0.6
197 silly packumentCache full:https://registry.npmjs.org/cross-spawn cache-miss
198 http fetch GET 200 https://registry.npmjs.org/debug 103ms (cache miss)
199 silly packumentCache full:https://registry.npmjs.org/debug set size:undefined disposed:false
200 silly fetch manifest glob-parent@^6.0.2
201 silly packumentCache full:https://registry.npmjs.org/glob-parent cache-miss
202 http fetch GET 200 https://registry.npmjs.org/esquery 146ms (cache miss)
203 silly packumentCache full:https://registry.npmjs.org/esquery set size:undefined disposed:false
204 silly fetch manifest imurmurhash@^0.1.4
205 silly packumentCache full:https://registry.npmjs.org/imurmurhash cache-miss
206 http fetch GET 200 https://registry.npmjs.org/esutils 140ms (cache miss)
207 silly packumentCache full:https://registry.npmjs.org/esutils set size:undefined disposed:false
208 silly fetch manifest @eslint/core@^0.17.0
209 silly packumentCache full:https://registry.npmjs.org/@eslint%2fcore cache-miss
210 http fetch GET 200 https://registry.npmjs.org/is-glob 131ms (cache miss)
211 silly packumentCache full:https://registry.npmjs.org/is-glob set size:undefined disposed:false
212 silly fetch manifest eslint-scope@^8.4.0
213 silly packumentCache full:https://registry.npmjs.org/eslint-scope cache-miss
214 http fetch GET 200 https://registry.npmjs.org/find-up 140ms (cache miss)
215 silly packumentCache full:https://registry.npmjs.org/find-up set size:undefined disposed:false
216 silly fetch manifest lodash.merge@^4.6.2
217 silly packumentCache full:https://registry.npmjs.org/lodash.merge cache-miss
218 http fetch GET 200 https://registry.npmjs.org/espree 192ms (cache miss)
219 silly packumentCache full:https://registry.npmjs.org/espree set size:undefined disposed:false
220 silly fetch manifest @humanfs/node@^0.16.6
221 silly packumentCache full:https://registry.npmjs.org/@humanfs%2fnode cache-miss
222 http fetch GET 200 https://registry.npmjs.org/ajv 229ms (cache miss)
223 silly packumentCache full:https://registry.npmjs.org/ajv set size:undefined disposed:false
224 silly fetch manifest @types/estree@^1.0.6
225 silly packumentCache full:https://registry.npmjs.org/@types%2festree cache-miss
226 http fetch GET 200 https://registry.npmjs.org/ignore 218ms (cache miss)
227 silly packumentCache full:https://registry.npmjs.org/ignore set size:undefined disposed:false
228 silly fetch manifest fast-deep-equal@^3.1.3
229 silly packumentCache full:https://registry.npmjs.org/fast-deep-equal cache-miss
230 http fetch GET 200 https://registry.npmjs.org/minimatch 186ms (cache miss)
231 silly packumentCache full:https://registry.npmjs.org/minimatch set size:undefined disposed:false
232 silly fetch manifest natural-compare@^1.4.0
233 silly packumentCache full:https://registry.npmjs.org/natural-compare cache-miss
234 http fetch GET 200 https://registry.npmjs.org/glob-parent 162ms (cache miss)
235 silly packumentCache full:https://registry.npmjs.org/glob-parent set size:undefined disposed:false
236 silly fetch manifest @eslint/eslintrc@^3.3.6
237 silly packumentCache full:https://registry.npmjs.org/@eslint%2feslintrc cache-miss
238 http fetch GET 200 https://registry.npmjs.org/optionator 191ms (cache miss)
239 silly packumentCache full:https://registry.npmjs.org/optionator set size:undefined disposed:false
240 silly fetch manifest file-entry-cache@^8.0.0
241 silly packumentCache full:https://registry.npmjs.org/file-entry-cache cache-miss
242 http fetch GET 200 https://registry.npmjs.org/cross-spawn 190ms (cache miss)
243 silly packumentCache full:https://registry.npmjs.org/cross-spawn set size:undefined disposed:false
244 silly fetch manifest @eslint/plugin-kit@^0.4.1
245 silly packumentCache full:https://registry.npmjs.org/@eslint%2fplugin-kit cache-miss
246 http fetch GET 200 https://registry.npmjs.org/lodash.merge 113ms (cache miss)
247 silly packumentCache full:https://registry.npmjs.org/lodash.merge set size:undefined disposed:false
248 silly fetch manifest eslint-visitor-keys@^4.2.1
249 silly packumentCache full:https://registry.npmjs.org/eslint-visitor-keys cache-miss
250 http fetch GET 200 https://registry.npmjs.org/eslint-scope 126ms (cache miss)
251 silly packumentCache full:https://registry.npmjs.org/eslint-scope set size:undefined disposed:false
252 silly fetch manifest @eslint/config-array@^0.21.2
253 silly packumentCache full:https://registry.npmjs.org/@eslint%2fconfig-array cache-miss
254 http fetch GET 200 https://registry.npmjs.org/@humanfs%2fnode 124ms (cache miss)
255 silly packumentCache full:https://registry.npmjs.org/@humanfs%2fnode set size:undefined disposed:false
256 silly fetch manifest @humanwhocodes/retry@^0.4.2
257 silly packumentCache full:https://registry.npmjs.org/@humanwhocodes%2fretry cache-miss
258 http fetch GET 200 https://registry.npmjs.org/natural-compare 89ms (cache miss)
259 silly packumentCache full:https://registry.npmjs.org/natural-compare set size:undefined disposed:false
260 silly fetch manifest escape-string-regexp@^4.0.0
261 silly packumentCache full:https://registry.npmjs.org/escape-string-regexp cache-miss
262 http fetch GET 200 https://registry.npmjs.org/@eslint%2fcore 165ms (cache miss)
263 silly packumentCache full:https://registry.npmjs.org/@eslint%2fcore set size:undefined disposed:false
264 silly fetch manifest @eslint/config-helpers@^0.4.2
265 silly packumentCache full:https://registry.npmjs.org/@eslint%2fconfig-helpers cache-miss
266 http fetch GET 200 https://registry.npmjs.org/@types%2festree 128ms (cache miss)
267 silly packumentCache full:https://registry.npmjs.org/@types%2festree set size:undefined disposed:false
268 silly fetch manifest @eslint-community/regexpp@^4.12.1
269 silly packumentCache full:https://registry.npmjs.org/@eslint-community%2fregexpp cache-miss
270 http fetch GET 200 https://registry.npmjs.org/fast-deep-equal 139ms (cache miss)
271 silly packumentCache full:https://registry.npmjs.org/fast-deep-equal set size:undefined disposed:false
272 silly fetch manifest @eslint-community/eslint-utils@^4.8.0
273 silly packumentCache full:https://registry.npmjs.org/@eslint-community%2feslint-utils cache-miss
274 http fetch GET 200 https://registry.npmjs.org/eslint-visitor-keys 84ms (cache miss)
275 silly packumentCache full:https://registry.npmjs.org/eslint-visitor-keys set size:undefined disposed:false
276 silly fetch manifest @humanwhocodes/module-importer@^1.0.1
277 silly packumentCache full:https://registry.npmjs.org/@humanwhocodes%2fmodule-importer cache-miss
278 http fetch GET 200 https://registry.npmjs.org/@eslint%2fplugin-kit 117ms (cache miss)
279 silly packumentCache full:https://registry.npmjs.org/@eslint%2fplugin-kit set size:undefined disposed:false
280 silly fetch manifest json-stable-stringify-without-jsonify@^1.0.1
281 silly packumentCache full:https://registry.npmjs.org/json-stable-stringify-without-jsonify cache-miss
282 http fetch GET 200 https://registry.npmjs.org/file-entry-cache 127ms (cache miss)
283 silly packumentCache full:https://registry.npmjs.org/file-entry-cache set size:undefined disposed:false
284 silly fetch manifest jsonfile@^6.0.1
285 silly packumentCache full:https://registry.npmjs.org/jsonfile cache-miss
286 http fetch GET 200 https://registry.npmjs.org/@eslint%2feslintrc 143ms (cache miss)
287 silly packumentCache full:https://registry.npmjs.org/@eslint%2feslintrc set size:undefined disposed:false
288 silly fetch manifest graceful-fs@^4.2.0
289 silly packumentCache full:https://registry.npmjs.org/graceful-fs cache-miss
290 http fetch GET 200 https://registry.npmjs.org/@eslint%2fconfig-array 119ms (cache miss)
291 silly packumentCache full:https://registry.npmjs.org/@eslint%2fconfig-array set size:undefined disposed:false
292 silly fetch manifest universalify@^2.0.0
293 silly packumentCache full:https://registry.npmjs.org/universalify cache-miss
294 http fetch GET 200 https://registry.npmjs.org/@humanwhocodes%2fretry 112ms (cache miss)
295 silly packumentCache full:https://registry.npmjs.org/@humanwhocodes%2fretry set size:undefined disposed:false
296 silly fetch manifest async@3.2.6
297 silly packumentCache full:https://registry.npmjs.org/async cache-miss
298 http fetch GET 200 https://registry.npmjs.org/escape-string-regexp 106ms (cache miss)
299 silly packumentCache full:https://registry.npmjs.org/escape-string-regexp set size:undefined disposed:false
300 silly fetch manifest chalk@4.1.2
301 silly packumentCache full:https://registry.npmjs.org/chalk cache-miss
302 http fetch GET 200 https://registry.npmjs.org/@eslint%2fconfig-helpers 110ms (cache miss)
303 silly packumentCache full:https://registry.npmjs.org/@eslint%2fconfig-helpers set size:undefined disposed:false
304 silly fetch manifest commander@11.1.0
305 silly packumentCache full:https://registry.npmjs.org/commander cache-miss
306 http fetch GET 200 https://registry.npmjs.org/@eslint-community%2fregexpp 108ms (cache miss)
307 silly packumentCache full:https://registry.npmjs.org/@eslint-community%2fregexpp set size:undefined disposed:false
308 silly fetch manifest glob@^13.0.6
309 silly packumentCache full:https://registry.npmjs.org/glob cache-miss
310 http cache https://registry.npmjs.org/chalk 37ms (cache hit)
311 silly packumentCache full:https://registry.npmjs.org/chalk set size:137439 disposed:false
312 silly fetch manifest is-glob@^4.0.3
313 silly packumentCache full:https://registry.npmjs.org/is-glob cache-miss
314 http fetch GET 200 https://registry.npmjs.org/imurmurhash 323ms (cache miss)
315 silly packumentCache full:https://registry.npmjs.org/imurmurhash set size:undefined disposed:false
316 silly fetch manifest node-sarif-builder@3.2.0
317 silly packumentCache full:https://registry.npmjs.org/node-sarif-builder cache-miss
318 http fetch GET 200 https://registry.npmjs.org/json-stable-stringify-without-jsonify 102ms (cache miss)
319 silly packumentCache full:https://registry.npmjs.org/json-stable-stringify-without-jsonify set size:undefined disposed:false
320 silly fetch manifest strip-json-comments@3.1.1
321 silly packumentCache full:https://registry.npmjs.org/strip-json-comments cache-miss
322 http fetch GET 200 https://registry.npmjs.org/@humanwhocodes%2fmodule-importer 122ms (cache miss)
323 silly packumentCache full:https://registry.npmjs.org/@humanwhocodes%2fmodule-importer set size:undefined disposed:false
324 silly fetch manifest xml@1.0.1
325 silly packumentCache full:https://registry.npmjs.org/xml cache-miss
326 http fetch GET 200 https://registry.npmjs.org/jsonfile 112ms (cache miss)
327 silly packumentCache full:https://registry.npmjs.org/jsonfile set size:undefined disposed:false
328 silly fetch manifest chalk@^4.1.2
329 silly packumentCache full:https://registry.npmjs.org/chalk cache-hit
330 silly fetch manifest commander@^7.2.0
331 silly packumentCache full:https://registry.npmjs.org/commander cache-miss
332 http cache https://registry.npmjs.org/is-glob 38ms (cache hit)
333 silly packumentCache full:https://registry.npmjs.org/is-glob set size:40530 disposed:false
334 silly fetch manifest commondir@^1.0.1
335 silly packumentCache full:https://registry.npmjs.org/commondir cache-miss
336 http fetch GET 200 https://registry.npmjs.org/graceful-fs 120ms (cache miss)
337 silly packumentCache full:https://registry.npmjs.org/graceful-fs set size:undefined disposed:false
338 silly fetch manifest debug@^4.3.4
339 silly packumentCache full:https://registry.npmjs.org/debug cache-miss
340 http fetch GET 200 https://registry.npmjs.org/@eslint-community%2feslint-utils 171ms (cache miss)
341 silly packumentCache full:https://registry.npmjs.org/@eslint-community%2feslint-utils set size:undefined disposed:false
342 silly fetch manifest dependency-tree@^11.0.0
343 silly packumentCache full:https://registry.npmjs.org/dependency-tree cache-miss
344 http fetch GET 200 https://registry.npmjs.org/universalify 107ms (cache miss)
345 silly packumentCache full:https://registry.npmjs.org/universalify set size:undefined disposed:false
346 silly fetch manifest ora@^5.4.1
347 silly packumentCache full:https://registry.npmjs.org/ora cache-miss
348 http cache https://registry.npmjs.org/debug 29ms (cache hit)
349 silly packumentCache full:https://registry.npmjs.org/debug set size:195840 disposed:false
350 silly fetch manifest pluralize@^8.0.0
351 silly packumentCache full:https://registry.npmjs.org/pluralize cache-miss
352 http fetch GET 200 https://registry.npmjs.org/async 135ms (cache miss)
353 silly packumentCache full:https://registry.npmjs.org/async set size:undefined disposed:false
354 silly fetch manifest pretty-ms@^7.0.1
355 silly packumentCache full:https://registry.npmjs.org/pretty-ms cache-miss
356 http fetch GET 200 https://registry.npmjs.org/commander 139ms (cache miss)
357 silly packumentCache full:https://registry.npmjs.org/commander set size:undefined disposed:false
358 silly fetch manifest rc@^1.2.8
359 silly packumentCache full:https://registry.npmjs.org/rc cache-miss
360 http fetch GET 200 https://registry.npmjs.org/strip-json-comments 103ms (cache miss)
361 silly packumentCache full:https://registry.npmjs.org/strip-json-comments set size:undefined disposed:false
362 silly fetch manifest stream-to-array@^2.3.0
363 silly packumentCache full:https://registry.npmjs.org/stream-to-array cache-miss
364 http fetch GET 200 https://registry.npmjs.org/glob 148ms (cache miss)
365 silly packumentCache full:https://registry.npmjs.org/glob set size:undefined disposed:false
366 silly fetch manifest ts-graphviz@^2.1.2
367 silly packumentCache full:https://registry.npmjs.org/ts-graphviz cache-miss
368 http fetch GET 200 https://registry.npmjs.org/xml 112ms (cache miss)
369 silly packumentCache full:https://registry.npmjs.org/xml set size:undefined disposed:false
370 silly fetch manifest walkdir@^0.4.1
371 silly packumentCache full:https://registry.npmjs.org/walkdir cache-miss
372 http fetch GET 200 https://registry.npmjs.org/commondir 108ms (cache miss)
373 silly packumentCache full:https://registry.npmjs.org/commondir set size:undefined disposed:false
374 silly fetch manifest meow@^13.2.0
375 silly packumentCache full:https://registry.npmjs.org/meow cache-miss
376 http fetch GET 200 https://registry.npmjs.org/commander 122ms (cache miss)
377 silly packumentCache full:https://registry.npmjs.org/commander set size:undefined disposed:false
378 silly fetch manifest debug@^4.4.3
379 silly packumentCache full:https://registry.npmjs.org/debug cache-hit
380 silly fetch manifest table@^6.9.0
381 silly packumentCache full:https://registry.npmjs.org/table cache-miss
382 http fetch GET 200 https://registry.npmjs.org/pluralize 84ms (cache miss)
383 silly packumentCache full:https://registry.npmjs.org/pluralize set size:undefined disposed:false
384 silly fetch manifest colord@^2.9.3
385 silly packumentCache full:https://registry.npmjs.org/colord cache-miss
386 http fetch GET 200 https://registry.npmjs.org/ora 127ms (cache miss)
387 silly packumentCache full:https://registry.npmjs.org/ora set size:undefined disposed:false
388 silly fetch manifest globby@^11.1.0
389 silly packumentCache full:https://registry.npmjs.org/globby cache-miss
390 http fetch GET 200 https://registry.npmjs.org/stream-to-array 75ms (cache miss)
391 silly packumentCache full:https://registry.npmjs.org/stream-to-array set size:undefined disposed:false
392 silly fetch manifest ignore@^7.0.5
393 silly packumentCache full:https://registry.npmjs.org/ignore cache-miss
394 http fetch GET 200 https://registry.npmjs.org/rc 85ms (cache miss)
395 silly packumentCache full:https://registry.npmjs.org/rc set size:undefined disposed:false
396 silly fetch manifest postcss@^8.5.6
397 silly packumentCache full:https://registry.npmjs.org/postcss cache-miss
398 http fetch GET 200 https://registry.npmjs.org/pretty-ms 107ms (cache miss)
399 silly packumentCache full:https://registry.npmjs.org/pretty-ms set size:undefined disposed:false
400 silly fetch manifest css-tree@^3.1.0
401 silly packumentCache full:https://registry.npmjs.org/css-tree cache-miss
402 http cache https://registry.npmjs.org/ignore 22ms (cache hit)
403 silly packumentCache full:https://registry.npmjs.org/ignore set size:259019 disposed:false
404 silly fetch manifest globjoin@^0.1.4
405 silly packumentCache full:https://registry.npmjs.org/globjoin cache-miss
406 http fetch GET 200 https://registry.npmjs.org/meow 84ms (cache miss)
407 silly packumentCache full:https://registry.npmjs.org/meow set size:undefined disposed:false
408 silly fetch manifest svg-tags@^1.0.0
409 silly packumentCache full:https://registry.npmjs.org/svg-tags cache-miss
410 http fetch GET 200 https://registry.npmjs.org/table 79ms (cache miss)
411 silly packumentCache full:https://registry.npmjs.org/table set size:undefined disposed:false
412 silly fetch manifest fast-glob@^3.3.3
413 silly packumentCache full:https://registry.npmjs.org/fast-glob cache-miss
414 http fetch GET 200 https://registry.npmjs.org/colord 92ms (cache miss)
415 silly packumentCache full:https://registry.npmjs.org/colord set size:undefined disposed:false
416 silly fetch manifest html-tags@^3.3.1
417 silly packumentCache full:https://registry.npmjs.org/html-tags cache-miss
418 http fetch GET 200 https://registry.npmjs.org/globby 84ms (cache miss)
419 silly packumentCache full:https://registry.npmjs.org/globby set size:undefined disposed:false
420 silly fetch manifest micromatch@^4.0.8
421 silly packumentCache full:https://registry.npmjs.org/micromatch cache-miss
422 http fetch GET 200 https://registry.npmjs.org/css-tree 85ms (cache miss)
423 silly packumentCache full:https://registry.npmjs.org/css-tree set size:undefined disposed:false
424 silly fetch manifest picocolors@^1.1.1
425 silly packumentCache full:https://registry.npmjs.org/picocolors cache-miss
426 http fetch GET 200 https://registry.npmjs.org/svg-tags 78ms (cache miss)
427 silly packumentCache full:https://registry.npmjs.org/svg-tags set size:undefined disposed:false
428 silly fetch manifest cosmiconfig@^9.0.0
429 silly packumentCache full:https://registry.npmjs.org/cosmiconfig cache-miss
430 http fetch GET 200 https://registry.npmjs.org/globjoin 96ms (cache miss)
431 silly packumentCache full:https://registry.npmjs.org/globjoin set size:undefined disposed:false
432 silly fetch manifest resolve-from@^5.0.0
433 silly packumentCache full:https://registry.npmjs.org/resolve-from cache-miss
434 http fetch GET 200 https://registry.npmjs.org/postcss 132ms (cache miss)
435 silly packumentCache full:https://registry.npmjs.org/postcss set size:undefined disposed:false
436 silly fetch manifest string-width@^4.2.3
437 silly packumentCache full:https://registry.npmjs.org/string-width cache-miss
438 http fetch GET 200 https://registry.npmjs.org/html-tags 93ms (cache miss)
439 silly packumentCache full:https://registry.npmjs.org/html-tags set size:undefined disposed:false
440 silly fetch manifest balanced-match@^2.0.0
441 silly packumentCache full:https://registry.npmjs.org/balanced-match cache-miss
442 http fetch GET 200 https://registry.npmjs.org/fast-glob 116ms (cache miss)
443 silly packumentCache full:https://registry.npmjs.org/fast-glob set size:undefined disposed:false
444 silly fetch manifest global-modules@^2.0.0
445 silly packumentCache full:https://registry.npmjs.org/global-modules cache-miss
446 http fetch GET 200 https://registry.npmjs.org/micromatch 100ms (cache miss)
447 silly packumentCache full:https://registry.npmjs.org/micromatch set size:undefined disposed:false
448 silly fetch manifest normalize-path@^3.0.0
449 silly packumentCache full:https://registry.npmjs.org/normalize-path cache-miss
450 http fetch GET 200 https://registry.npmjs.org/picocolors 82ms (cache miss)
451 silly packumentCache full:https://registry.npmjs.org/picocolors set size:undefined disposed:false
452 silly fetch manifest is-plain-object@^5.0.0
453 silly packumentCache full:https://registry.npmjs.org/is-plain-object cache-miss
454 http fetch GET 200 https://registry.npmjs.org/resolve-from 72ms (cache miss)
455 silly packumentCache full:https://registry.npmjs.org/resolve-from set size:undefined disposed:false
456 silly fetch manifest file-entry-cache@^11.1.1
457 silly packumentCache full:https://registry.npmjs.org/file-entry-cache cache-miss
458 http fetch GET 200 https://registry.npmjs.org/cosmiconfig 86ms (cache miss)
459 silly packumentCache full:https://registry.npmjs.org/cosmiconfig set size:undefined disposed:false
460 silly fetch manifest mathml-tag-names@^2.1.3
461 silly packumentCache full:https://registry.npmjs.org/mathml-tag-names cache-miss
462 http cache https://registry.npmjs.org/file-entry-cache 43ms (cache hit)
463 silly packumentCache full:https://registry.npmjs.org/file-entry-cache set size:127681 disposed:false
464 silly fetch manifest write-file-atomic@^5.0.1
465 silly packumentCache full:https://registry.npmjs.org/write-file-atomic cache-miss
466 http fetch GET 200 https://registry.npmjs.org/walkdir 315ms (cache miss)
467 silly packumentCache full:https://registry.npmjs.org/walkdir set size:undefined disposed:false
468 silly fetch manifest css-functions-list@^3.2.3
469 silly packumentCache full:https://registry.npmjs.org/css-functions-list cache-miss
470 http fetch GET 200 https://registry.npmjs.org/balanced-match 104ms (cache miss)
471 silly packumentCache full:https://registry.npmjs.org/balanced-match set size:undefined disposed:false
472 silly fetch manifest fastest-levenshtein@^1.0.16
473 silly packumentCache full:https://registry.npmjs.org/fastest-levenshtein cache-miss
474 http fetch GET 200 https://registry.npmjs.org/global-modules 98ms (cache miss)
475 silly packumentCache full:https://registry.npmjs.org/global-modules set size:undefined disposed:false
476 silly fetch manifest postcss-safe-parser@^7.0.1
477 silly packumentCache full:https://registry.npmjs.org/postcss-safe-parser cache-miss
478 http fetch GET 200 https://registry.npmjs.org/string-width 130ms (cache miss)
479 silly packumentCache full:https://registry.npmjs.org/string-width set size:undefined disposed:false
480 silly fetch manifest supports-hyperlinks@^3.2.0
481 silly packumentCache full:https://registry.npmjs.org/supports-hyperlinks cache-miss
482 http fetch GET 200 https://registry.npmjs.org/dependency-tree 435ms (cache miss)
483 silly packumentCache full:https://registry.npmjs.org/dependency-tree set size:undefined disposed:false
484 silly fetch manifest known-css-properties@^0.37.0
485 silly packumentCache full:https://registry.npmjs.org/known-css-properties cache-miss
486 http fetch GET 200 https://registry.npmjs.org/normalize-path 126ms (cache miss)
487 silly packumentCache full:https://registry.npmjs.org/normalize-path set size:undefined disposed:false
488 silly fetch manifest postcss-value-parser@^4.2.0
489 silly packumentCache full:https://registry.npmjs.org/postcss-value-parser cache-miss
490 http fetch GET 200 https://registry.npmjs.org/is-plain-object 145ms (cache miss)
491 silly packumentCache full:https://registry.npmjs.org/is-plain-object set size:undefined disposed:false
492 silly fetch manifest @csstools/css-tokenizer@^3.0.4
493 silly packumentCache full:https://registry.npmjs.org/@csstools%2fcss-tokenizer cache-miss
494 http fetch GET 200 https://registry.npmjs.org/mathml-tag-names 125ms (cache miss)
495 silly packumentCache full:https://registry.npmjs.org/mathml-tag-names set size:undefined disposed:false
496 silly fetch manifest postcss-selector-parser@^7.1.0
497 silly packumentCache full:https://registry.npmjs.org/postcss-selector-parser cache-miss
498 http fetch GET 200 https://registry.npmjs.org/write-file-atomic 101ms (cache miss)
499 silly packumentCache full:https://registry.npmjs.org/write-file-atomic set size:undefined disposed:false
500 silly fetch manifest @csstools/selector-specificity@^5.0.0
501 silly packumentCache full:https://registry.npmjs.org/@csstools%2fselector-specificity cache-miss
502 http fetch GET 200 https://registry.npmjs.org/ts-graphviz 433ms (cache miss)
503 silly packumentCache full:https://registry.npmjs.org/ts-graphviz set size:undefined disposed:false
504 silly fetch manifest @csstools/css-parser-algorithms@^3.0.5
505 silly packumentCache full:https://registry.npmjs.org/@csstools%2fcss-parser-algorithms cache-miss
506 http fetch GET 200 https://registry.npmjs.org/postcss-safe-parser 115ms (cache miss)
507 silly packumentCache full:https://registry.npmjs.org/postcss-safe-parser set size:undefined disposed:false
508 silly fetch manifest postcss-resolve-nested-selector@^0.1.6
509 silly packumentCache full:https://registry.npmjs.org/postcss-resolve-nested-selector cache-miss
510 http fetch GET 200 https://registry.npmjs.org/css-functions-list 129ms (cache miss)
511 silly packumentCache full:https://registry.npmjs.org/css-functions-list set size:undefined disposed:false
512 silly fetch manifest @dual-bundle/import-meta-resolve@^4.2.1
513 silly packumentCache full:https://registry.npmjs.org/@dual-bundle%2fimport-meta-resolve cache-miss
514 http fetch GET 200 https://registry.npmjs.org/fastest-levenshtein 134ms (cache miss)
515 silly packumentCache full:https://registry.npmjs.org/fastest-levenshtein set size:undefined disposed:false
516 silly fetch manifest @csstools/media-query-list-parser@^4.0.3
517 silly packumentCache full:https://registry.npmjs.org/@csstools%2fmedia-query-list-parser cache-miss
518 http fetch GET 200 https://registry.npmjs.org/supports-hyperlinks 122ms (cache miss)
519 silly packumentCache full:https://registry.npmjs.org/supports-hyperlinks set size:undefined disposed:false
520 silly fetch manifest @csstools/css-syntax-patches-for-csstree@^1.0.19
521 silly packumentCache full:https://registry.npmjs.org/@csstools%2fcss-syntax-patches-for-csstree cache-miss
522 http fetch GET 200 https://registry.npmjs.org/postcss-value-parser 113ms (cache miss)
523 silly packumentCache full:https://registry.npmjs.org/postcss-value-parser set size:undefined disposed:false
524 http fetch GET 200 https://registry.npmjs.org/@csstools%2fcss-tokenizer 98ms (cache miss)
525 silly packumentCache full:https://registry.npmjs.org/@csstools%2fcss-tokenizer set size:undefined disposed:false
526 http fetch GET 200 https://registry.npmjs.org/node-sarif-builder 624ms (cache miss)
527 silly packumentCache full:https://registry.npmjs.org/node-sarif-builder set size:undefined disposed:false
528 http fetch GET 200 https://registry.npmjs.org/postcss-selector-parser 100ms (cache miss)
529 silly packumentCache full:https://registry.npmjs.org/postcss-selector-parser set size:undefined disposed:false
530 http fetch GET 200 https://registry.npmjs.org/@csstools%2fselector-specificity 111ms (cache miss)
531 silly packumentCache full:https://registry.npmjs.org/@csstools%2fselector-specificity set size:undefined disposed:false
532 http fetch GET 200 https://registry.npmjs.org/postcss-resolve-nested-selector 75ms (cache miss)
533 silly packumentCache full:https://registry.npmjs.org/postcss-resolve-nested-selector set size:undefined disposed:false
534 http fetch GET 200 https://registry.npmjs.org/@csstools%2fcss-parser-algorithms 88ms (cache miss)
535 silly packumentCache full:https://registry.npmjs.org/@csstools%2fcss-parser-algorithms set size:undefined disposed:false
536 http fetch GET 200 https://registry.npmjs.org/@dual-bundle%2fimport-meta-resolve 84ms (cache miss)
537 silly packumentCache full:https://registry.npmjs.org/@dual-bundle%2fimport-meta-resolve set size:undefined disposed:false
538 http fetch GET 200 https://registry.npmjs.org/@csstools%2fmedia-query-list-parser 82ms (cache miss)
539 silly packumentCache full:https://registry.npmjs.org/@csstools%2fmedia-query-list-parser set size:undefined disposed:false
540 http fetch GET 200 https://registry.npmjs.org/@csstools%2fcss-syntax-patches-for-csstree 94ms (cache miss)
541 silly packumentCache full:https://registry.npmjs.org/@csstools%2fcss-syntax-patches-for-csstree set size:undefined disposed:false
542 http fetch GET 200 https://registry.npmjs.org/known-css-properties 265ms (cache miss)
543 silly packumentCache full:https://registry.npmjs.org/known-css-properties set size:undefined disposed:false
544 silly placeDep ROOT @esbuild/aix-ppc64@0.25.12 OK for: esbuild@0.25.12 want: 0.25.12
545 silly placeDep ROOT @esbuild/android-arm@0.25.12 OK for: esbuild@0.25.12 want: 0.25.12
546 silly placeDep ROOT @esbuild/android-arm64@0.25.12 OK for: esbuild@0.25.12 want: 0.25.12
547 silly placeDep ROOT @esbuild/android-x64@0.25.12 OK for: esbuild@0.25.12 want: 0.25.12
548 silly placeDep ROOT @esbuild/darwin-arm64@0.25.12 OK for: esbuild@0.25.12 want: 0.25.12
549 silly placeDep ROOT @esbuild/darwin-x64@0.25.12 OK for: esbuild@0.25.12 want: 0.25.12
550 silly placeDep ROOT @esbuild/freebsd-arm64@0.25.12 OK for: esbuild@0.25.12 want: 0.25.12
551 silly placeDep ROOT @esbuild/freebsd-x64@0.25.12 OK for: esbuild@0.25.12 want: 0.25.12
552 silly placeDep ROOT @esbuild/linux-arm@0.25.12 OK for: esbuild@0.25.12 want: 0.25.12
553 silly placeDep ROOT @esbuild/linux-arm64@0.25.12 OK for: esbuild@0.25.12 want: 0.25.12
554 silly placeDep ROOT @esbuild/linux-ia32@0.25.12 OK for: esbuild@0.25.12 want: 0.25.12
555 silly placeDep ROOT @esbuild/linux-loong64@0.25.12 OK for: esbuild@0.25.12 want: 0.25.12
556 silly placeDep ROOT @esbuild/linux-mips64el@0.25.12 OK for: esbuild@0.25.12 want: 0.25.12
557 silly placeDep ROOT @esbuild/linux-ppc64@0.25.12 OK for: esbuild@0.25.12 want: 0.25.12
558 silly placeDep ROOT @esbuild/linux-riscv64@0.25.12 OK for: esbuild@0.25.12 want: 0.25.12
559 silly placeDep ROOT @esbuild/linux-s390x@0.25.12 OK for: esbuild@0.25.12 want: 0.25.12
560 silly placeDep ROOT @esbuild/linux-x64@0.25.12 OK for: esbuild@0.25.12 want: 0.25.12
561 silly placeDep ROOT @esbuild/netbsd-arm64@0.25.12 OK for: esbuild@0.25.12 want: 0.25.12
562 silly placeDep ROOT @esbuild/netbsd-x64@0.25.12 OK for: esbuild@0.25.12 want: 0.25.12
563 silly placeDep ROOT @esbuild/openbsd-arm64@0.25.12 OK for: esbuild@0.25.12 want: 0.25.12
564 silly placeDep ROOT @esbuild/openbsd-x64@0.25.12 OK for: esbuild@0.25.12 want: 0.25.12
565 silly placeDep ROOT @esbuild/openharmony-arm64@0.25.12 OK for: esbuild@0.25.12 want: 0.25.12
566 silly placeDep ROOT @esbuild/sunos-x64@0.25.12 OK for: esbuild@0.25.12 want: 0.25.12
567 silly placeDep ROOT @esbuild/win32-arm64@0.25.12 OK for: esbuild@0.25.12 want: 0.25.12
568 silly placeDep ROOT @esbuild/win32-ia32@0.25.12 OK for: esbuild@0.25.12 want: 0.25.12
569 silly placeDep ROOT @esbuild/win32-x64@0.25.12 OK for: esbuild@0.25.12 want: 0.25.12
570 silly fetch manifest eslint@^6.0.0 || ^7.0.0 || >=8.0.0
571 silly packumentCache full:https://registry.npmjs.org/eslint cache-miss
572 http cache https://registry.npmjs.org/eslint 21ms (cache hit)
573 silly packumentCache full:https://registry.npmjs.org/eslint set size:2085131 disposed:false
574 silly placeDep ROOT @eslint-community/eslint-utils@4.10.1 OK for: eslint@9.39.5 want: ^4.8.0
575 silly placeDep ROOT @eslint-community/regexpp@4.12.2 OK for: eslint@9.39.5 want: ^4.12.1
576 silly placeDep ROOT @eslint/config-array@0.21.2 OK for: eslint@9.39.5 want: ^0.21.2
577 silly placeDep ROOT @eslint/config-helpers@0.4.2 OK for: eslint@9.39.5 want: ^0.4.2
578 silly placeDep ROOT @eslint/core@0.17.0 OK for: eslint@9.39.5 want: ^0.17.0
579 silly placeDep ROOT @eslint/eslintrc@3.3.7 OK for: eslint@9.39.5 want: ^3.3.6
580 silly placeDep ROOT @eslint/plugin-kit@0.4.1 OK for: eslint@9.39.5 want: ^0.4.1
581 silly placeDep ROOT @humanfs/node@0.16.8 OK for: eslint@9.39.5 want: ^0.16.6
582 silly placeDep ROOT @humanwhocodes/module-importer@1.0.1 OK for: eslint@9.39.5 want: ^1.0.1
583 silly placeDep ROOT @humanwhocodes/retry@0.4.3 OK for: eslint@9.39.5 want: ^0.4.2
584 silly placeDep ROOT @types/estree@1.0.9 OK for: eslint@9.39.5 want: ^1.0.6
585 silly placeDep ROOT ajv@6.15.0 OK for: eslint@9.39.5 want: ^6.14.0
586 silly placeDep ROOT chalk@4.1.2 OK for: eslint@9.39.5 want: ^4.0.0
587 silly placeDep ROOT cross-spawn@7.0.6 OK for: eslint@9.39.5 want: ^7.0.6
588 silly placeDep ROOT debug@4.4.3 OK for: eslint@9.39.5 want: ^4.3.2
589 silly placeDep ROOT escape-string-regexp@4.0.0 OK for: eslint@9.39.5 want: ^4.0.0
590 silly placeDep ROOT eslint-scope@8.4.0 OK for: eslint@9.39.5 want: ^8.4.0
591 silly placeDep ROOT eslint-visitor-keys@4.2.1 OK for: eslint@9.39.5 want: ^4.2.1
592 silly placeDep ROOT espree@10.4.0 OK for: eslint@9.39.5 want: ^10.4.0
593 silly placeDep ROOT esquery@1.7.0 OK for: eslint@9.39.5 want: ^1.5.0
594 silly placeDep ROOT esutils@2.0.3 OK for: eslint@9.39.5 want: ^2.0.2
595 silly placeDep ROOT fast-deep-equal@3.1.3 OK for: eslint@9.39.5 want: ^3.1.3
596 silly placeDep ROOT file-entry-cache@8.0.0 OK for: eslint@9.39.5 want: ^8.0.0
597 silly placeDep ROOT find-up@5.0.0 OK for: eslint@9.39.5 want: ^5.0.0
598 silly placeDep ROOT glob-parent@6.0.2 OK for: eslint@9.39.5 want: ^6.0.2
599 silly placeDep ROOT ignore@5.3.2 OK for: eslint@9.39.5 want: ^5.2.0
600 silly placeDep ROOT imurmurhash@0.1.4 OK for: eslint@9.39.5 want: ^0.1.4
601 silly placeDep ROOT is-glob@4.0.3 OK for: eslint@9.39.5 want: ^4.0.0
602 silly placeDep ROOT json-stable-stringify-without-jsonify@1.0.1 OK for: eslint@9.39.5 want: ^1.0.1
603 silly placeDep ROOT lodash.merge@4.6.2 OK for: eslint@9.39.5 want: ^4.6.2
604 silly placeDep ROOT minimatch@3.1.5 OK for: eslint@9.39.5 want: ^3.1.5
605 silly placeDep ROOT natural-compare@1.4.0 OK for: eslint@9.39.5 want: ^1.4.0
606 silly placeDep ROOT optionator@0.9.4 OK for: eslint@9.39.5 want: ^0.9.3
607 silly fetch manifest eslint-visitor-keys@^3.4.3
608 silly packumentCache full:https://registry.npmjs.org/eslint-visitor-keys cache-miss
609 silly fetch manifest debug@^4.3.1
610 silly packumentCache full:https://registry.npmjs.org/debug cache-hit
611 silly fetch manifest @eslint/object-schema@^2.1.7
612 silly packumentCache full:https://registry.npmjs.org/@eslint%2fobject-schema cache-miss
613 silly fetch manifest @types/json-schema@^7.0.15
614 silly packumentCache full:https://registry.npmjs.org/@types%2fjson-schema cache-miss
615 silly fetch manifest espree@^10.0.1
616 silly packumentCache full:https://registry.npmjs.org/espree cache-miss
617 silly fetch manifest globals@^14.0.0
618 silly packumentCache full:https://registry.npmjs.org/globals cache-miss
619 silly fetch manifest js-yaml@^4.3.2
620 silly packumentCache full:https://registry.npmjs.org/js-yaml cache-miss
621 silly fetch manifest import-fresh@^3.2.1
622 silly packumentCache full:https://registry.npmjs.org/import-fresh cache-miss
623 silly fetch manifest strip-json-comments@^3.1.1
624 silly packumentCache full:https://registry.npmjs.org/strip-json-comments cache-miss
625 silly fetch manifest levn@^0.4.1
626 silly packumentCache full:https://registry.npmjs.org/levn cache-miss
627 silly fetch manifest @humanfs/core@^0.19.2
628 silly packumentCache full:https://registry.npmjs.org/@humanfs%2fcore cache-miss
629 silly fetch manifest @humanfs/types@^0.15.0
630 silly packumentCache full:https://registry.npmjs.org/@humanfs%2ftypes cache-miss
631 http cache https://registry.npmjs.org/espree 52ms (cache hit)
632 silly packumentCache full:https://registry.npmjs.org/espree set size:326080 disposed:false
633 silly fetch manifest @humanwhocodes/retry@^0.4.0
634 silly packumentCache full:https://registry.npmjs.org/@humanwhocodes%2fretry cache-miss
635 http cache https://registry.npmjs.org/eslint-visitor-keys 67ms (cache hit)
636 silly packumentCache full:https://registry.npmjs.org/eslint-visitor-keys set size:69949 disposed:false
637 silly fetch manifest uri-js@^4.2.2
638 silly packumentCache full:https://registry.npmjs.org/uri-js cache-miss
639 http cache https://registry.npmjs.org/globals 71ms (cache hit)
640 silly packumentCache full:https://registry.npmjs.org/globals set size:338968 disposed:false
641 silly fetch manifest fast-deep-equal@^3.1.1
642 silly packumentCache full:https://registry.npmjs.org/fast-deep-equal cache-miss
643 http cache https://registry.npmjs.org/strip-json-comments 80ms (cache hit)
644 silly packumentCache full:https://registry.npmjs.org/strip-json-comments set size:43569 disposed:false
645 silly fetch manifest json-schema-traverse@^0.4.1
646 silly packumentCache full:https://registry.npmjs.org/json-schema-traverse cache-miss
647 http cache https://registry.npmjs.org/@humanwhocodes%2fretry 43ms (cache hit)
648 silly packumentCache full:https://registry.npmjs.org/@humanwhocodes%2fretry set size:42348 disposed:false
649 silly fetch manifest fast-json-stable-stringify@^2.0.0
650 silly packumentCache full:https://registry.npmjs.org/fast-json-stable-stringify cache-miss
651 http cache https://registry.npmjs.org/fast-deep-equal 26ms (cache hit)
652 silly packumentCache full:https://registry.npmjs.org/fast-deep-equal set size:48634 disposed:false
653 silly fetch manifest ansi-styles@^4.1.0
654 silly packumentCache full:https://registry.npmjs.org/ansi-styles cache-miss
655 http fetch GET 200 https://registry.npmjs.org/import-fresh 137ms (cache miss)
656 silly packumentCache full:https://registry.npmjs.org/import-fresh set size:undefined disposed:false
657 silly fetch manifest supports-color@^7.1.0
658 silly packumentCache full:https://registry.npmjs.org/supports-color cache-miss
659 http fetch GET 200 https://registry.npmjs.org/@humanfs%2fcore 154ms (cache miss)
660 silly packumentCache full:https://registry.npmjs.org/@humanfs%2fcore set size:undefined disposed:false
661 silly fetch manifest which@^2.0.1
662 silly packumentCache full:https://registry.npmjs.org/which cache-miss
663 http fetch GET 200 https://registry.npmjs.org/levn 164ms (cache miss)
664 silly packumentCache full:https://registry.npmjs.org/levn set size:undefined disposed:false
665 silly fetch manifest path-key@^3.1.0
666 silly packumentCache full:https://registry.npmjs.org/path-key cache-miss
667 http fetch GET 200 https://registry.npmjs.org/@humanfs%2ftypes 179ms (cache miss)
668 silly packumentCache full:https://registry.npmjs.org/@humanfs%2ftypes set size:undefined disposed:false
669 silly fetch manifest shebang-command@^2.0.0
670 silly packumentCache full:https://registry.npmjs.org/shebang-command cache-miss
671 http fetch GET 200 https://registry.npmjs.org/@types%2fjson-schema 194ms (cache miss)
672 silly packumentCache full:https://registry.npmjs.org/@types%2fjson-schema set size:undefined disposed:false
673 silly fetch manifest ms@^2.1.3
674 silly packumentCache full:https://registry.npmjs.org/ms cache-miss
675 http fetch GET 200 https://registry.npmjs.org/@eslint%2fobject-schema 205ms (cache miss)
676 silly packumentCache full:https://registry.npmjs.org/@eslint%2fobject-schema set size:undefined disposed:false
677 silly fetch manifest esrecurse@^4.3.0
678 silly packumentCache full:https://registry.npmjs.org/esrecurse cache-miss
679 http fetch GET 200 https://registry.npmjs.org/uri-js 139ms (cache miss)
680 silly packumentCache full:https://registry.npmjs.org/uri-js set size:undefined disposed:false
681 silly fetch manifest estraverse@^5.2.0
682 silly packumentCache full:https://registry.npmjs.org/estraverse cache-miss
683 http fetch GET 200 https://registry.npmjs.org/json-schema-traverse 121ms (cache miss)
684 silly packumentCache full:https://registry.npmjs.org/json-schema-traverse set size:undefined disposed:false
685 silly fetch manifest acorn@^8.15.0
686 silly packumentCache full:https://registry.npmjs.org/acorn cache-miss
687 http fetch GET 200 https://registry.npmjs.org/js-yaml 212ms (cache miss)
688 silly packumentCache full:https://registry.npmjs.org/js-yaml set size:undefined disposed:false
689 silly fetch manifest acorn-jsx@^5.3.2
690 silly packumentCache full:https://registry.npmjs.org/acorn-jsx cache-miss
691 http fetch GET 200 https://registry.npmjs.org/fast-json-stable-stringify 120ms (cache miss)
692 silly packumentCache full:https://registry.npmjs.org/fast-json-stable-stringify set size:undefined disposed:false
693 silly fetch manifest estraverse@^5.1.0
694 silly packumentCache full:https://registry.npmjs.org/estraverse cache-miss
695 http fetch GET 200 https://registry.npmjs.org/ansi-styles 120ms (cache miss)
696 silly packumentCache full:https://registry.npmjs.org/ansi-styles set size:undefined disposed:false
697 silly fetch manifest flat-cache@^4.0.0
698 silly packumentCache full:https://registry.npmjs.org/flat-cache cache-miss
699 http fetch GET 200 https://registry.npmjs.org/supports-color 99ms (cache miss)
700 silly packumentCache full:https://registry.npmjs.org/supports-color set size:undefined disposed:false
701 silly fetch manifest locate-path@^6.0.0
702 silly packumentCache full:https://registry.npmjs.org/locate-path cache-miss
703 http fetch GET 200 https://registry.npmjs.org/which 88ms (cache miss)
704 silly packumentCache full:https://registry.npmjs.org/which set size:undefined disposed:false
705 silly fetch manifest path-exists@^4.0.0
706 silly packumentCache full:https://registry.npmjs.org/path-exists cache-miss
707 http fetch GET 200 https://registry.npmjs.org/path-key 85ms (cache miss)
708 silly packumentCache full:https://registry.npmjs.org/path-key set size:undefined disposed:false
709 silly fetch manifest is-extglob@^2.1.1
710 silly packumentCache full:https://registry.npmjs.org/is-extglob cache-miss
711 http fetch GET 200 https://registry.npmjs.org/esrecurse 70ms (cache miss)
712 silly packumentCache full:https://registry.npmjs.org/esrecurse set size:undefined disposed:false
713 silly fetch manifest brace-expansion@^1.1.7
714 silly packumentCache full:https://registry.npmjs.org/brace-expansion cache-miss
715 http fetch GET 200 https://registry.npmjs.org/ms 83ms (cache miss)
716 silly packumentCache full:https://registry.npmjs.org/ms set size:undefined disposed:false
717 silly fetch manifest prelude-ls@^1.2.1
718 silly packumentCache full:https://registry.npmjs.org/prelude-ls cache-miss
719 http fetch GET 200 https://registry.npmjs.org/shebang-command 95ms (cache miss)
720 silly packumentCache full:https://registry.npmjs.org/shebang-command set size:undefined disposed:false
721 silly fetch manifest deep-is@^0.1.3
722 silly packumentCache full:https://registry.npmjs.org/deep-is cache-miss
723 http fetch GET 200 https://registry.npmjs.org/estraverse 80ms (cache miss)
724 silly packumentCache full:https://registry.npmjs.org/estraverse set size:undefined disposed:false
725 silly fetch manifest word-wrap@^1.2.5
726 silly packumentCache full:https://registry.npmjs.org/word-wrap cache-miss
727 http fetch GET 200 https://registry.npmjs.org/estraverse 104ms (cache miss)
728 silly packumentCache full:https://registry.npmjs.org/estraverse set size:undefined disposed:false
729 silly fetch manifest type-check@^0.4.0
730 silly packumentCache full:https://registry.npmjs.org/type-check cache-miss
731 http fetch GET 200 https://registry.npmjs.org/acorn-jsx 119ms (cache miss)
732 silly packumentCache full:https://registry.npmjs.org/acorn-jsx set size:undefined disposed:false
733 silly fetch manifest fast-levenshtein@^2.0.6
734 silly packumentCache full:https://registry.npmjs.org/fast-levenshtein cache-miss
735 http fetch GET 200 https://registry.npmjs.org/flat-cache 129ms (cache miss)
736 silly packumentCache full:https://registry.npmjs.org/flat-cache set size:undefined disposed:false
737 http fetch GET 200 https://registry.npmjs.org/path-exists 109ms (cache miss)
738 silly packumentCache full:https://registry.npmjs.org/path-exists set size:undefined disposed:false
739 http fetch GET 200 https://registry.npmjs.org/locate-path 128ms (cache miss)
740 silly packumentCache full:https://registry.npmjs.org/locate-path set size:undefined disposed:false
741 http fetch GET 200 https://registry.npmjs.org/acorn 170ms (cache miss)
742 silly packumentCache full:https://registry.npmjs.org/acorn set size:undefined disposed:false
743 http fetch GET 200 https://registry.npmjs.org/is-extglob 128ms (cache miss)
744 silly packumentCache full:https://registry.npmjs.org/is-extglob set size:undefined disposed:false
745 http fetch GET 200 https://registry.npmjs.org/deep-is 104ms (cache miss)
746 silly packumentCache full:https://registry.npmjs.org/deep-is set size:undefined disposed:false
747 http fetch GET 200 https://registry.npmjs.org/prelude-ls 115ms (cache miss)
748 silly packumentCache full:https://registry.npmjs.org/prelude-ls set size:undefined disposed:false
749 http fetch GET 200 https://registry.npmjs.org/brace-expansion 129ms (cache miss)
750 silly packumentCache full:https://registry.npmjs.org/brace-expansion set size:undefined disposed:false
751 http fetch GET 200 https://registry.npmjs.org/type-check 97ms (cache miss)
752 silly packumentCache full:https://registry.npmjs.org/type-check set size:undefined disposed:false
753 http fetch GET 200 https://registry.npmjs.org/word-wrap 103ms (cache miss)
754 silly packumentCache full:https://registry.npmjs.org/word-wrap set size:undefined disposed:false
755 http fetch GET 200 https://registry.npmjs.org/fast-levenshtein 75ms (cache miss)
756 silly packumentCache full:https://registry.npmjs.org/fast-levenshtein set size:undefined disposed:false
757 silly placeDep node_modules/@eslint-community/eslint-utils eslint-visitor-keys@3.4.3 OK for: @eslint-community/eslint-utils@4.10.1 want: ^3.4.3
758 silly placeDep ROOT @eslint/object-schema@2.1.7 OK for: @eslint/config-array@0.21.2 want: ^2.1.7
759 silly placeDep ROOT @types/json-schema@7.0.15 OK for: @eslint/core@0.17.0 want: ^7.0.15
760 silly placeDep node_modules/@eslint/eslintrc globals@14.0.0 OK for: @eslint/eslintrc@3.3.7 want: ^14.0.0
761 silly placeDep ROOT import-fresh@3.3.1 OK for: @eslint/eslintrc@3.3.7 want: ^3.2.1
762 silly placeDep ROOT js-yaml@4.3.2 OK for: @eslint/eslintrc@3.3.7 want: ^4.3.2
763 silly placeDep ROOT strip-json-comments@3.1.1 OK for: @eslint/eslintrc@3.3.7 want: ^3.1.1
764 silly fetch manifest resolve-from@^4.0.0
765 silly packumentCache full:https://registry.npmjs.org/resolve-from cache-miss
766 silly fetch manifest parent-module@^1.0.0
767 silly packumentCache full:https://registry.npmjs.org/parent-module cache-miss
768 silly fetch manifest argparse@^2.0.1
769 silly packumentCache full:https://registry.npmjs.org/argparse cache-miss
770 http cache https://registry.npmjs.org/resolve-from 10ms (cache hit)
771 silly packumentCache full:https://registry.npmjs.org/resolve-from set size:12911 disposed:false
772 http fetch GET 200 https://registry.npmjs.org/parent-module 75ms (cache miss)
773 silly packumentCache full:https://registry.npmjs.org/parent-module set size:undefined disposed:false
774 http fetch GET 200 https://registry.npmjs.org/argparse 95ms (cache miss)
775 silly packumentCache full:https://registry.npmjs.org/argparse set size:undefined disposed:false
776 silly placeDep ROOT levn@0.4.1 OK for: @eslint/plugin-kit@0.4.1 want: ^0.4.1
777 silly fetch manifest type-check@~0.4.0
778 silly packumentCache full:https://registry.npmjs.org/type-check cache-miss
779 http cache https://registry.npmjs.org/type-check 13ms (cache hit)
780 silly packumentCache full:https://registry.npmjs.org/type-check set size:21221 disposed:false
781 silly placeDep ROOT @humanfs/core@0.19.2 OK for: @humanfs/node@0.16.8 want: ^0.19.2
782 silly placeDep ROOT @humanfs/types@0.15.0 OK for: @humanfs/node@0.16.8 want: ^0.15.0
783 silly placeDep ROOT fast-json-stable-stringify@2.1.0 OK for: ajv@6.15.0 want: ^2.0.0
784 silly placeDep ROOT json-schema-traverse@0.4.1 OK for: ajv@6.15.0 want: ^0.4.1
785 silly placeDep ROOT uri-js@4.4.1 OK for: ajv@6.15.0 want: ^4.2.2
786 silly fetch manifest punycode@^2.1.0
787 silly packumentCache full:https://registry.npmjs.org/punycode cache-miss
788 http fetch GET 200 https://registry.npmjs.org/punycode 75ms (cache miss)
789 silly packumentCache full:https://registry.npmjs.org/punycode set size:undefined disposed:false
790 silly placeDep ROOT ansi-styles@4.3.0 OK for: chalk@4.1.2 want: ^4.1.0
791 silly placeDep ROOT supports-color@7.2.0 OK for: chalk@4.1.2 want: ^7.1.0
792 silly fetch manifest color-convert@^2.0.1
793 silly packumentCache full:https://registry.npmjs.org/color-convert cache-miss
794 silly fetch manifest has-flag@^4.0.0
795 silly packumentCache full:https://registry.npmjs.org/has-flag cache-miss
796 http fetch GET 200 https://registry.npmjs.org/color-convert 71ms (cache miss)
797 silly packumentCache full:https://registry.npmjs.org/color-convert set size:undefined disposed:false
798 http fetch GET 200 https://registry.npmjs.org/has-flag 79ms (cache miss)
799 silly packumentCache full:https://registry.npmjs.org/has-flag set size:undefined disposed:false
800 silly placeDep ROOT color-convert@2.0.1 OK for: ansi-styles@4.3.0 want: ^2.0.1
801 silly fetch manifest color-name@~1.1.4
802 silly packumentCache full:https://registry.npmjs.org/color-name cache-miss
803 http fetch GET 200 https://registry.npmjs.org/color-name 75ms (cache miss)
804 silly packumentCache full:https://registry.npmjs.org/color-name set size:undefined disposed:false
805 silly placeDep ROOT color-name@1.1.4 OK for: color-convert@2.0.1 want: ~1.1.4
806 silly placeDep ROOT path-key@3.1.1 OK for: cross-spawn@7.0.6 want: ^3.1.0
807 silly placeDep ROOT shebang-command@2.0.0 OK for: cross-spawn@7.0.6 want: ^2.0.0
808 silly placeDep ROOT which@2.0.2 OK for: cross-spawn@7.0.6 want: ^2.0.1
809 silly fetch manifest shebang-regex@^3.0.0
810 silly packumentCache full:https://registry.npmjs.org/shebang-regex cache-miss
811 silly fetch manifest isexe@^2.0.0
812 silly packumentCache full:https://registry.npmjs.org/isexe cache-miss
813 http fetch GET 200 https://registry.npmjs.org/shebang-regex 77ms (cache miss)
814 silly packumentCache full:https://registry.npmjs.org/shebang-regex set size:undefined disposed:false
815 http fetch GET 200 https://registry.npmjs.org/isexe 81ms (cache miss)
816 silly packumentCache full:https://registry.npmjs.org/isexe set size:undefined disposed:false
817 silly placeDep ROOT ms@2.1.3 OK for: debug@4.4.3 want: ^2.1.3
818 silly placeDep ROOT esrecurse@4.3.0 OK for: eslint-scope@8.4.0 want: ^4.3.0
819 silly placeDep ROOT estraverse@5.3.0 OK for: eslint-scope@8.4.0 want: ^5.2.0
820 silly placeDep ROOT acorn@8.18.0 OK for: espree@10.4.0 want: ^8.15.0
821 silly placeDep ROOT acorn-jsx@5.3.2 OK for: espree@10.4.0 want: ^5.3.2
822 silly placeDep ROOT flat-cache@4.0.1 OK for: file-entry-cache@8.0.0 want: ^4.0.0
823 silly fetch manifest keyv@^4.5.4
824 silly packumentCache full:https://registry.npmjs.org/keyv cache-miss
825 silly fetch manifest flatted@^3.2.9
826 silly packumentCache full:https://registry.npmjs.org/flatted cache-miss
827 http fetch GET 200 https://registry.npmjs.org/flatted 86ms (cache miss)
828 silly packumentCache full:https://registry.npmjs.org/flatted set size:undefined disposed:false
829 http fetch GET 200 https://registry.npmjs.org/keyv 93ms (cache miss)
830 silly packumentCache full:https://registry.npmjs.org/keyv set size:undefined disposed:false
831 silly placeDep ROOT locate-path@6.0.0 OK for: find-up@5.0.0 want: ^6.0.0
832 silly placeDep ROOT path-exists@4.0.0 OK for: find-up@5.0.0 want: ^4.0.0
833 silly fetch manifest p-locate@^5.0.0
834 silly packumentCache full:https://registry.npmjs.org/p-locate cache-miss
835 http fetch GET 200 https://registry.npmjs.org/p-locate 90ms (cache miss)
836 silly packumentCache full:https://registry.npmjs.org/p-locate set size:undefined disposed:false
837 silly placeDep ROOT flatted@3.4.4 OK for: flat-cache@4.0.1 want: ^3.2.9
838 silly placeDep ROOT keyv@4.5.4 OK for: flat-cache@4.0.1 want: ^4.5.4
839 silly fetch manifest json-buffer@3.0.1
840 silly packumentCache full:https://registry.npmjs.org/json-buffer cache-miss
841 http fetch GET 200 https://registry.npmjs.org/json-buffer 75ms (cache miss)
842 silly packumentCache full:https://registry.npmjs.org/json-buffer set size:undefined disposed:false
843 silly placeDep ROOT graceful-fs@4.2.11 OK for: fs-extra@11.4.1 want: ^4.2.0
844 silly placeDep ROOT jsonfile@6.2.1 OK for: fs-extra@11.4.1 want: ^6.0.1
845 silly placeDep ROOT universalify@2.0.1 OK for: fs-extra@11.4.1 want: ^2.0.0
846 silly placeDep ROOT async@3.2.6 OK for: htmlhint@1.9.2 want: 3.2.6
847 silly placeDep ROOT commander@11.1.0 OK for: htmlhint@1.9.2 want: 11.1.0
848 silly placeDep ROOT glob@13.0.6 OK for: htmlhint@1.9.2 want: ^13.0.6
849 silly placeDep ROOT node-sarif-builder@3.2.0 OK for: htmlhint@1.9.2 want: 3.2.0
850 silly placeDep ROOT xml@1.0.1 OK for: htmlhint@1.9.2 want: 1.0.1
851 silly fetch manifest minimatch@^10.2.2
852 silly packumentCache full:https://registry.npmjs.org/minimatch cache-miss
853 silly fetch manifest minipass@^7.1.3
854 silly packumentCache full:https://registry.npmjs.org/minipass cache-miss
855 silly fetch manifest path-scurry@^2.0.2
856 silly packumentCache full:https://registry.npmjs.org/path-scurry cache-miss
857 silly fetch manifest @types/sarif@^2.1.7
858 silly packumentCache full:https://registry.npmjs.org/@types%2fsarif cache-miss
859 http cache https://registry.npmjs.org/minimatch 22ms (cache hit)
860 silly packumentCache full:https://registry.npmjs.org/minimatch set size:377924 disposed:false
861 http fetch GET 200 https://registry.npmjs.org/path-scurry 82ms (cache miss)
862 silly packumentCache full:https://registry.npmjs.org/path-scurry set size:undefined disposed:false
863 http fetch GET 200 https://registry.npmjs.org/minipass 92ms (cache miss)
864 silly packumentCache full:https://registry.npmjs.org/minipass set size:undefined disposed:false
865 http fetch GET 200 https://registry.npmjs.org/@types%2fsarif 327ms (cache miss)
866 silly packumentCache full:https://registry.npmjs.org/@types%2fsarif set size:undefined disposed:false
867 silly placeDep node_modules/glob minimatch@10.2.6 OK for: glob@13.0.6 want: ^10.2.2
868 silly placeDep ROOT minipass@7.1.3 OK for: glob@13.0.6 want: ^7.1.3
869 silly placeDep ROOT path-scurry@2.0.2 OK for: glob@13.0.6 want: ^2.0.2
870 silly fetch manifest brace-expansion@^5.0.8
871 silly packumentCache full:https://registry.npmjs.org/brace-expansion cache-miss
872 silly fetch manifest lru-cache@^11.0.0
873 silly packumentCache full:https://registry.npmjs.org/lru-cache cache-miss
874 http cache https://registry.npmjs.org/brace-expansion 10ms (cache hit)
875 silly packumentCache full:https://registry.npmjs.org/brace-expansion set size:128514 disposed:false
876 http fetch GET 200 https://registry.npmjs.org/lru-cache 100ms (cache miss)
877 silly packumentCache full:https://registry.npmjs.org/lru-cache set size:undefined disposed:false
878 silly placeDep ROOT parent-module@1.0.1 OK for: import-fresh@3.3.1 want: ^1.0.0
879 silly placeDep ROOT resolve-from@4.0.0 OK for: import-fresh@3.3.1 want: ^4.0.0
880 silly fetch manifest callsites@^3.0.0
881 silly packumentCache full:https://registry.npmjs.org/callsites cache-miss
882 http fetch GET 200 https://registry.npmjs.org/callsites 82ms (cache miss)
883 silly packumentCache full:https://registry.npmjs.org/callsites set size:undefined disposed:false
884 silly placeDep ROOT is-extglob@2.1.1 OK for: is-glob@4.0.3 want: ^2.1.1
885 silly placeDep ROOT argparse@2.0.1 OK for: js-yaml@4.3.2 want: ^2.0.1
886 silly placeDep ROOT json-buffer@3.0.1 OK for: keyv@4.5.4 want: 3.0.1
887 silly placeDep ROOT prelude-ls@1.2.1 OK for: levn@0.4.1 want: ^1.2.1
888 silly placeDep ROOT type-check@0.4.0 OK for: levn@0.4.1 want: ~0.4.0
889 silly placeDep ROOT p-locate@5.0.0 OK for: locate-path@6.0.0 want: ^5.0.0
890 silly fetch manifest p-limit@^3.0.2
891 silly packumentCache full:https://registry.npmjs.org/p-limit cache-miss
892 http fetch GET 200 https://registry.npmjs.org/p-limit 90ms (cache miss)
893 silly packumentCache full:https://registry.npmjs.org/p-limit set size:undefined disposed:false
894 silly placeDep node_modules/madge commander@7.2.0 OK for: madge@8.0.0 want: ^7.2.0
895 silly placeDep ROOT commondir@1.0.1 OK for: madge@8.0.0 want: ^1.0.1
896 silly placeDep ROOT dependency-tree@11.5.0 OK for: madge@8.0.0 want: ^11.0.0
897 silly placeDep ROOT ora@5.4.1 OK for: madge@8.0.0 want: ^5.4.1
898 silly placeDep ROOT pluralize@8.0.0 OK for: madge@8.0.0 want: ^8.0.0
899 silly placeDep ROOT pretty-ms@7.0.1 OK for: madge@8.0.0 want: ^7.0.1
900 silly placeDep ROOT rc@1.2.8 OK for: madge@8.0.0 want: ^1.2.8
901 silly placeDep ROOT stream-to-array@2.3.0 OK for: madge@8.0.0 want: ^2.3.0
902 silly placeDep ROOT ts-graphviz@2.1.6 OK for: madge@8.0.0 want: ^2.1.2
903 silly placeDep ROOT walkdir@0.4.1 OK for: madge@8.0.0 want: ^0.4.1
904 silly fetch manifest precinct@^12.3.2
905 silly packumentCache full:https://registry.npmjs.org/precinct cache-miss
906 silly fetch manifest commander@^12.1.0
907 silly packumentCache full:https://registry.npmjs.org/commander cache-miss
908 silly fetch manifest typescript@^5.9.3
909 silly packumentCache full:https://registry.npmjs.org/typescript cache-miss
910 silly fetch manifest filing-cabinet@^5.5.1
911 silly packumentCache full:https://registry.npmjs.org/filing-cabinet cache-miss
912 silly fetch manifest @discoveryjs/json-ext@^1.1.0
913 silly packumentCache full:https://registry.npmjs.org/@discoveryjs%2fjson-ext cache-miss
914 silly fetch manifest bl@^4.1.0
915 silly packumentCache full:https://registry.npmjs.org/bl cache-miss
916 silly fetch manifest wcwidth@^1.0.1
917 silly packumentCache full:https://registry.npmjs.org/wcwidth cache-miss
918 silly fetch manifest cli-cursor@^3.1.0
919 silly packumentCache full:https://registry.npmjs.org/cli-cursor cache-miss
920 silly fetch manifest strip-ansi@^6.0.0
921 silly packumentCache full:https://registry.npmjs.org/strip-ansi cache-miss
922 silly fetch manifest log-symbols@^4.1.0
923 silly packumentCache full:https://registry.npmjs.org/log-symbols cache-miss
924 silly fetch manifest cli-spinners@^2.5.0
925 silly packumentCache full:https://registry.npmjs.org/cli-spinners cache-miss
926 http cache https://registry.npmjs.org/commander 26ms (cache hit)
927 silly packumentCache full:https://registry.npmjs.org/commander set size:353104 disposed:false
928 silly fetch manifest is-interactive@^1.0.0
929 silly packumentCache full:https://registry.npmjs.org/is-interactive cache-miss
930 http cache https://registry.npmjs.org/typescript 76ms (cache hit)
931 silly packumentCache full:https://registry.npmjs.org/typescript set size:15731638 disposed:false
932 silly fetch manifest is-unicode-supported@^0.1.0
933 silly packumentCache full:https://registry.npmjs.org/is-unicode-supported cache-miss
934 http fetch GET 200 https://registry.npmjs.org/wcwidth 290ms (cache miss)
935 silly packumentCache full:https://registry.npmjs.org/wcwidth set size:undefined disposed:false
936 silly fetch manifest parse-ms@^2.1.0
937 silly packumentCache full:https://registry.npmjs.org/parse-ms cache-miss
938 http fetch GET 200 https://registry.npmjs.org/is-interactive 263ms (cache miss)
939 silly packumentCache full:https://registry.npmjs.org/is-interactive set size:undefined disposed:false
940 silly fetch manifest ini@~1.3.0
941 silly packumentCache full:https://registry.npmjs.org/ini cache-miss
942 http fetch GET 200 https://registry.npmjs.org/log-symbols 315ms (cache miss)
943 silly packumentCache full:https://registry.npmjs.org/log-symbols set size:undefined disposed:false
944 silly fetch manifest minimist@^1.2.0
945 silly packumentCache full:https://registry.npmjs.org/minimist cache-miss
946 http fetch GET 200 https://registry.npmjs.org/cli-cursor 319ms (cache miss)
947 silly packumentCache full:https://registry.npmjs.org/cli-cursor set size:undefined disposed:false
948 silly fetch manifest deep-extend@^0.6.0
949 silly packumentCache full:https://registry.npmjs.org/deep-extend cache-miss
950 http fetch GET 200 https://registry.npmjs.org/strip-ansi 324ms (cache miss)
951 silly packumentCache full:https://registry.npmjs.org/strip-ansi set size:undefined disposed:false
952 silly fetch manifest strip-json-comments@~2.0.1
953 silly packumentCache full:https://registry.npmjs.org/strip-json-comments cache-hit
954 silly fetch manifest any-promise@^1.1.0
955 silly packumentCache full:https://registry.npmjs.org/any-promise cache-miss
956 http fetch GET 200 https://registry.npmjs.org/cli-spinners 329ms (cache miss)
957 silly packumentCache full:https://registry.npmjs.org/cli-spinners set size:undefined disposed:false
958 silly fetch manifest @ts-graphviz/ast@^2.0.7
959 silly packumentCache full:https://registry.npmjs.org/@ts-graphviz%2fast cache-miss
960 http fetch GET 200 https://registry.npmjs.org/@discoveryjs%2fjson-ext 338ms (cache miss)
961 silly packumentCache full:https://registry.npmjs.org/@discoveryjs%2fjson-ext set size:undefined disposed:false
962 silly fetch manifest @ts-graphviz/core@^2.0.7
963 silly packumentCache full:https://registry.npmjs.org/@ts-graphviz%2fcore cache-miss
964 http fetch GET 200 https://registry.npmjs.org/bl 343ms (cache miss)
965 silly packumentCache full:https://registry.npmjs.org/bl set size:undefined disposed:false
966 silly fetch manifest @ts-graphviz/common@^2.1.5
967 silly packumentCache full:https://registry.npmjs.org/@ts-graphviz%2fcommon cache-miss
968 http fetch GET 200 https://registry.npmjs.org/precinct 356ms (cache miss)
969 silly packumentCache full:https://registry.npmjs.org/precinct set size:undefined disposed:false
970 silly fetch manifest @ts-graphviz/adapter@^2.0.6
971 silly packumentCache full:https://registry.npmjs.org/@ts-graphviz%2fadapter cache-miss
972 http fetch GET 200 https://registry.npmjs.org/filing-cabinet 361ms (cache miss)
973 silly packumentCache full:https://registry.npmjs.org/filing-cabinet set size:undefined disposed:false
974 http fetch GET 200 https://registry.npmjs.org/is-unicode-supported 115ms (cache miss)
975 silly packumentCache full:https://registry.npmjs.org/is-unicode-supported set size:undefined disposed:false
976 http fetch GET 200 https://registry.npmjs.org/ini 95ms (cache miss)
977 silly packumentCache full:https://registry.npmjs.org/ini set size:undefined disposed:false
978 http fetch GET 200 https://registry.npmjs.org/minimist 99ms (cache miss)
979 silly packumentCache full:https://registry.npmjs.org/minimist set size:undefined disposed:false
980 http fetch GET 200 https://registry.npmjs.org/any-promise 92ms (cache miss)
981 silly packumentCache full:https://registry.npmjs.org/any-promise set size:undefined disposed:false
982 http fetch GET 200 https://registry.npmjs.org/deep-extend 106ms (cache miss)
983 silly packumentCache full:https://registry.npmjs.org/deep-extend set size:undefined disposed:false
984 http fetch GET 200 https://registry.npmjs.org/parse-ms 349ms (cache miss)
985 silly packumentCache full:https://registry.npmjs.org/parse-ms set size:undefined disposed:false
986 http fetch GET 200 https://registry.npmjs.org/@ts-graphviz%2fast 709ms (cache miss)
987 silly packumentCache full:https://registry.npmjs.org/@ts-graphviz%2fast set size:undefined disposed:false
988 http fetch GET 200 https://registry.npmjs.org/@ts-graphviz%2fcore 735ms (cache miss)
989 silly packumentCache full:https://registry.npmjs.org/@ts-graphviz%2fcore set size:undefined disposed:false
990 http fetch GET 200 https://registry.npmjs.org/@ts-graphviz%2fadapter 751ms (cache miss)
991 silly packumentCache full:https://registry.npmjs.org/@ts-graphviz%2fadapter set size:undefined disposed:false
992 http fetch GET 200 https://registry.npmjs.org/@ts-graphviz%2fcommon 909ms (cache miss)
993 silly packumentCache full:https://registry.npmjs.org/@ts-graphviz%2fcommon set size:undefined disposed:false
994 silly placeDep ROOT @discoveryjs/json-ext@1.1.0 OK for: dependency-tree@11.5.0 want: ^1.1.0
995 silly placeDep node_modules/dependency-tree commander@12.1.0 OK for: dependency-tree@11.5.0 want: ^12.1.0
996 silly placeDep ROOT filing-cabinet@5.5.1 OK for: dependency-tree@11.5.0 want: ^5.5.1
997 silly placeDep ROOT precinct@12.3.2 OK for: dependency-tree@11.5.0 want: ^12.3.2
998 silly placeDep ROOT typescript@5.9.3 OK for: dependency-tree@11.5.0 want: ^5.9.3
999 silly fetch manifest resolve@^1.22.12
1000 silly packumentCache full:https://registry.npmjs.org/resolve cache-miss
1001 silly fetch manifest sass-lookup@^6.1.2
1002 silly packumentCache full:https://registry.npmjs.org/sass-lookup cache-miss
1003 silly fetch manifest stylus-lookup@^6.1.2
1004 silly packumentCache full:https://registry.npmjs.org/stylus-lookup cache-miss
1005 silly fetch manifest tsconfig-paths@^4.2.0
1006 silly packumentCache full:https://registry.npmjs.org/tsconfig-paths cache-miss
1007 silly fetch manifest app-module-path@^2.2.0
1008 silly packumentCache full:https://registry.npmjs.org/app-module-path cache-miss
1009 silly fetch manifest enhanced-resolve@^5.21.0
1010 silly packumentCache full:https://registry.npmjs.org/enhanced-resolve cache-miss
1011 silly fetch manifest module-definition@^6.0.2
1012 silly packumentCache full:https://registry.npmjs.org/module-definition cache-miss
1013 silly fetch manifest module-lookup-amd@^9.1.3
1014 silly packumentCache full:https://registry.npmjs.org/module-lookup-amd cache-miss
1015 silly fetch manifest resolve-dependency-path@^4.0.1
1016 silly packumentCache full:https://registry.npmjs.org/resolve-dependency-path cache-miss
1017 silly fetch manifest postcss@^8.5.14
1018 silly packumentCache full:https://registry.npmjs.org/postcss cache-miss
1019 silly fetch manifest detective-amd@^6.1.0
1020 silly packumentCache full:https://registry.npmjs.org/detective-amd cache-miss
1021 http cache https://registry.npmjs.org/postcss 26ms (cache hit)
1022 silly packumentCache full:https://registry.npmjs.org/postcss set size:766699 disposed:false
1023 silly fetch manifest detective-cjs@^6.1.1
1024 silly packumentCache full:https://registry.npmjs.org/detective-cjs cache-miss
1025 http fetch GET 200 https://registry.npmjs.org/resolve 121ms (cache miss)
1026 silly packumentCache full:https://registry.npmjs.org/resolve set size:undefined disposed:false
1027 silly fetch manifest detective-es6@^5.0.2
1028 silly packumentCache full:https://registry.npmjs.org/detective-es6 cache-miss
1029 http fetch GET 200 https://registry.npmjs.org/tsconfig-paths 143ms (cache miss)
1030 silly packumentCache full:https://registry.npmjs.org/tsconfig-paths set size:undefined disposed:false
1031 silly fetch manifest detective-sass@^6.0.2
1032 silly packumentCache full:https://registry.npmjs.org/detective-sass cache-miss
1033 http fetch GET 200 https://registry.npmjs.org/detective-amd 146ms (cache miss)
1034 silly packumentCache full:https://registry.npmjs.org/detective-amd set size:undefined disposed:false
1035 silly fetch manifest detective-scss@^5.0.2
1036 silly packumentCache full:https://registry.npmjs.org/detective-scss cache-miss
1037 http fetch GET 200 https://registry.npmjs.org/detective-cjs 113ms (cache miss)
1038 silly packumentCache full:https://registry.npmjs.org/detective-cjs set size:undefined disposed:false
1039 silly fetch manifest detective-vue2@^2.3.0
1040 silly packumentCache full:https://registry.npmjs.org/detective-vue2 cache-miss
1041 http fetch GET 200 https://registry.npmjs.org/enhanced-resolve 168ms (cache miss)
1042 silly packumentCache full:https://registry.npmjs.org/enhanced-resolve set size:undefined disposed:false
1043 silly fetch manifest detective-stylus@^5.0.1
1044 silly packumentCache full:https://registry.npmjs.org/detective-stylus cache-miss
1045 http fetch GET 200 https://registry.npmjs.org/detective-es6 69ms (cache miss)
1046 silly packumentCache full:https://registry.npmjs.org/detective-es6 set size:undefined disposed:false
1047 silly fetch manifest node-source-walk@^7.0.2
1048 silly packumentCache full:https://registry.npmjs.org/node-source-walk cache-miss
1049 http fetch GET 200 https://registry.npmjs.org/detective-scss 91ms (cache miss)
1050 silly packumentCache full:https://registry.npmjs.org/detective-scss set size:undefined disposed:false
1051 silly fetch manifest detective-postcss@^8.0.3
1052 silly packumentCache full:https://registry.npmjs.org/detective-postcss cache-miss
1053 http fetch GET 200 https://registry.npmjs.org/detective-vue2 101ms (cache miss)
1054 silly packumentCache full:https://registry.npmjs.org/detective-vue2 set size:undefined disposed:false
1055 silly fetch manifest module-definition@^6.0.2
1056 silly packumentCache full:https://registry.npmjs.org/module-definition cache-miss
1057 http fetch GET 200 https://registry.npmjs.org/detective-stylus 87ms (cache miss)
1058 silly packumentCache full:https://registry.npmjs.org/detective-stylus set size:undefined disposed:false
1059 silly fetch manifest detective-typescript@^14.1.2
1060 silly packumentCache full:https://registry.npmjs.org/detective-typescript cache-miss
1061 http fetch GET 200 https://registry.npmjs.org/sass-lookup 323ms (cache miss)
1062 silly packumentCache full:https://registry.npmjs.org/sass-lookup set size:undefined disposed:false
1063 silly fetch manifest @dependents/detective-less@^5.0.3
1064 silly packumentCache full:https://registry.npmjs.org/@dependents%2fdetective-less cache-miss
1065 http fetch GET 200 https://registry.npmjs.org/app-module-path 322ms (cache miss)
1066 silly packumentCache full:https://registry.npmjs.org/app-module-path set size:undefined disposed:false
1067 http fetch GET 200 https://registry.npmjs.org/module-lookup-amd 339ms (cache miss)
1068 silly packumentCache full:https://registry.npmjs.org/module-lookup-amd set size:undefined disposed:false
1069 http fetch GET 200 https://registry.npmjs.org/detective-postcss 101ms (cache miss)
1070 silly packumentCache full:https://registry.npmjs.org/detective-postcss set size:undefined disposed:false
1071 http fetch GET 200 https://registry.npmjs.org/module-definition 353ms (cache miss)
1072 silly packumentCache full:https://registry.npmjs.org/module-definition set size:undefined disposed:false
1073 http fetch GET 200 https://registry.npmjs.org/module-definition 93ms (cache miss)
1074 silly packumentCache full:https://registry.npmjs.org/module-definition set size:undefined disposed:false
1075 http fetch GET 200 https://registry.npmjs.org/stylus-lookup 362ms (cache miss)
1076 silly packumentCache full:https://registry.npmjs.org/stylus-lookup set size:undefined disposed:false
1077 http fetch GET 200 https://registry.npmjs.org/detective-sass 333ms (cache miss)
1078 silly packumentCache full:https://registry.npmjs.org/detective-sass set size:undefined disposed:false
1079 http fetch GET 200 https://registry.npmjs.org/node-source-walk 294ms (cache miss)
1080 silly packumentCache full:https://registry.npmjs.org/node-source-walk set size:undefined disposed:false
1081 http fetch GET 200 https://registry.npmjs.org/resolve-dependency-path 523ms (cache miss)
1082 silly packumentCache full:https://registry.npmjs.org/resolve-dependency-path set size:undefined disposed:false
1083 http fetch GET 200 https://registry.npmjs.org/@dependents%2fdetective-less 235ms (cache miss)
1084 silly packumentCache full:https://registry.npmjs.org/@dependents%2fdetective-less set size:undefined disposed:false
1085 http fetch GET 200 https://registry.npmjs.org/detective-typescript 297ms (cache miss)
1086 silly packumentCache full:https://registry.npmjs.org/detective-typescript set size:undefined disposed:false
1087 silly placeDep ROOT app-module-path@2.2.0 OK for: filing-cabinet@5.5.1 want: ^2.2.0
1088 silly placeDep node_modules/filing-cabinet commander@12.1.0 OK for: filing-cabinet@5.5.1 want: ^12.1.0
1089 silly placeDep ROOT enhanced-resolve@5.26.0 OK for: filing-cabinet@5.5.1 want: ^5.21.0
1090 silly placeDep ROOT module-definition@6.0.2 OK for: filing-cabinet@5.5.1 want: ^6.0.2
1091 silly placeDep ROOT module-lookup-amd@9.1.3 OK for: filing-cabinet@5.5.1 want: ^9.1.3
1092 silly placeDep ROOT resolve@1.22.12 OK for: filing-cabinet@5.5.1 want: ^1.22.12
1093 silly placeDep ROOT resolve-dependency-path@4.0.1 OK for: filing-cabinet@5.5.1 want: ^4.0.1
1094 silly placeDep ROOT sass-lookup@6.1.2 OK for: filing-cabinet@5.5.1 want: ^6.1.2
1095 silly placeDep ROOT stylus-lookup@6.1.2 OK for: filing-cabinet@5.5.1 want: ^6.1.2
1096 silly placeDep ROOT tsconfig-paths@4.2.0 OK for: filing-cabinet@5.5.1 want: ^4.2.0
1097 silly fetch manifest tapable@^2.3.3
1098 silly packumentCache full:https://registry.npmjs.org/tapable cache-miss
1099 silly fetch manifest ast-module-types@^6.0.1
1100 silly packumentCache full:https://registry.npmjs.org/ast-module-types cache-miss
1101 silly fetch manifest node-source-walk@^7.0.1
1102 silly packumentCache full:https://registry.npmjs.org/node-source-walk cache-miss
1103 silly fetch manifest requirejs@^2.3.8
1104 silly packumentCache full:https://registry.npmjs.org/requirejs cache-miss
1105 silly fetch manifest requirejs-config-file@^4.0.0
1106 silly packumentCache full:https://registry.npmjs.org/requirejs-config-file cache-miss
1107 silly fetch manifest es-errors@^1.3.0
1108 silly packumentCache full:https://registry.npmjs.org/es-errors cache-miss
1109 silly fetch manifest path-parse@^1.0.7
1110 silly packumentCache full:https://registry.npmjs.org/path-parse cache-miss
1111 silly fetch manifest is-core-module@^2.16.1
1112 silly packumentCache full:https://registry.npmjs.org/is-core-module cache-miss
1113 silly fetch manifest supports-preserve-symlinks-flag@^1.0.0
1114 silly packumentCache full:https://registry.npmjs.org/supports-preserve-symlinks-flag cache-miss
1115 silly fetch manifest json5@^2.2.2
1116 silly packumentCache full:https://registry.npmjs.org/json5 cache-miss
1117 silly fetch manifest minimist@^1.2.6
1118 silly packumentCache full:https://registry.npmjs.org/minimist cache-miss
1119 http cache https://registry.npmjs.org/minimist 16ms (cache hit)
1120 silly packumentCache full:https://registry.npmjs.org/minimist set size:77063 disposed:false
1121 silly fetch manifest strip-bom@^3.0.0
1122 silly packumentCache full:https://registry.npmjs.org/strip-bom cache-miss
1123 http cache https://registry.npmjs.org/node-source-walk 24ms (cache hit)
1124 silly packumentCache full:https://registry.npmjs.org/node-source-walk set size:76839 disposed:false
1125 http fetch GET 200 https://registry.npmjs.org/supports-preserve-symlinks-flag 167ms (cache miss)
1126 silly packumentCache full:https://registry.npmjs.org/supports-preserve-symlinks-flag set size:undefined disposed:false
1127 http fetch GET 200 https://registry.npmjs.org/requirejs 177ms (cache miss)
1128 silly packumentCache full:https://registry.npmjs.org/requirejs set size:undefined disposed:false
1129 http fetch GET 200 https://registry.npmjs.org/path-parse 180ms (cache miss)
1130 silly packumentCache full:https://registry.npmjs.org/path-parse set size:undefined disposed:false
1131 http fetch GET 200 https://registry.npmjs.org/is-core-module 182ms (cache miss)
1132 silly packumentCache full:https://registry.npmjs.org/is-core-module set size:undefined disposed:false
1133 http fetch GET 200 https://registry.npmjs.org/es-errors 188ms (cache miss)
1134 silly packumentCache full:https://registry.npmjs.org/es-errors set size:undefined disposed:false
1135 http fetch GET 200 https://registry.npmjs.org/strip-bom 167ms (cache miss)
1136 silly packumentCache full:https://registry.npmjs.org/strip-bom set size:undefined disposed:false
1137 http fetch GET 200 https://registry.npmjs.org/ast-module-types 193ms (cache miss)
1138 silly packumentCache full:https://registry.npmjs.org/ast-module-types set size:undefined disposed:false
1139 http fetch GET 200 https://registry.npmjs.org/tapable 195ms (cache miss)
1140 silly packumentCache full:https://registry.npmjs.org/tapable set size:undefined disposed:false
1141 http fetch GET 200 https://registry.npmjs.org/json5 195ms (cache miss)
1142 silly packumentCache full:https://registry.npmjs.org/json5 set size:undefined disposed:false
1143 http fetch GET 200 https://registry.npmjs.org/requirejs-config-file 361ms (cache miss)
1144 silly packumentCache full:https://registry.npmjs.org/requirejs-config-file set size:undefined disposed:false
1145 silly placeDep ROOT tapable@2.3.3 OK for: enhanced-resolve@5.26.0 want: ^2.3.3
1146 silly placeDep ROOT brace-expansion@1.1.21 OK for: minimatch@3.1.5 want: ^1.1.7
1147 silly fetch manifest concat-map@0.0.1
1148 silly packumentCache full:https://registry.npmjs.org/concat-map cache-miss
1149 silly fetch manifest balanced-match@^1.0.0
1150 silly packumentCache full:https://registry.npmjs.org/balanced-match cache-miss
1151 http cache https://registry.npmjs.org/balanced-match 20ms (cache hit)
1152 silly packumentCache full:https://registry.npmjs.org/balanced-match set size:39082 disposed:false
1153 http fetch GET 200 https://registry.npmjs.org/concat-map 86ms (cache miss)
1154 silly packumentCache full:https://registry.npmjs.org/concat-map set size:undefined disposed:false
1155 silly placeDep ROOT balanced-match@1.0.2 OK for: brace-expansion@1.1.21 want: ^1.0.0
1156 silly placeDep ROOT concat-map@0.0.1 OK for: brace-expansion@1.1.21 want: 0.0.1
1157 silly placeDep ROOT ast-module-types@6.0.2 OK for: module-definition@6.0.2 want: ^6.0.1
1158 silly placeDep ROOT node-source-walk@7.0.2 OK for: module-definition@6.0.2 want: ^7.0.1
1159 silly fetch manifest @babel/parser@^7.29.0
1160 silly packumentCache full:https://registry.npmjs.org/@babel%2fparser cache-miss
1161 http fetch GET 200 https://registry.npmjs.org/@babel%2fparser 102ms (cache miss)
1162 silly packumentCache full:https://registry.npmjs.org/@babel%2fparser set size:undefined disposed:false
1163 silly placeDep node_modules/module-lookup-amd commander@12.1.0 OK for: module-lookup-amd@9.1.3 want: ^12.1.0
1164 silly placeDep ROOT requirejs@2.3.8 OK for: module-lookup-amd@9.1.3 want: ^2.3.8
1165 silly placeDep ROOT requirejs-config-file@4.0.0 OK for: module-lookup-amd@9.1.3 want: ^4.0.0
1166 silly fetch manifest esprima@^4.0.0
1167 silly packumentCache full:https://registry.npmjs.org/esprima cache-miss
1168 silly fetch manifest stringify-object@^3.2.1
1169 silly packumentCache full:https://registry.npmjs.org/stringify-object cache-miss
1170 http fetch GET 200 https://registry.npmjs.org/stringify-object 79ms (cache miss)
1171 silly packumentCache full:https://registry.npmjs.org/stringify-object set size:undefined disposed:false
1172 http fetch GET 200 https://registry.npmjs.org/esprima 82ms (cache miss)
1173 silly packumentCache full:https://registry.npmjs.org/esprima set size:undefined disposed:false
1174 silly placeDep ROOT @types/sarif@2.1.7 OK for: node-sarif-builder@3.2.0 want: ^2.1.7
1175 silly placeDep ROOT @babel/parser@7.29.9 OK for: node-source-walk@7.0.2 want: ^7.29.0
1176 silly fetch manifest @babel/types@^7.29.8
1177 silly packumentCache full:https://registry.npmjs.org/@babel%2ftypes cache-miss
1178 http fetch GET 200 https://registry.npmjs.org/@babel%2ftypes 82ms (cache miss)
1179 silly packumentCache full:https://registry.npmjs.org/@babel%2ftypes set size:undefined disposed:false
1180 silly placeDep ROOT @babel/types@7.29.8 OK for: @babel/parser@7.29.9 want: ^7.29.8
1181 silly fetch manifest @babel/helper-string-parser@^7.29.7
1182 silly packumentCache full:https://registry.npmjs.org/@babel%2fhelper-string-parser cache-miss
1183 silly fetch manifest @babel/helper-validator-identifier@^7.29.7
1184 silly packumentCache full:https://registry.npmjs.org/@babel%2fhelper-validator-identifier cache-miss
1185 http fetch GET 200 https://registry.npmjs.org/@babel%2fhelper-string-parser 90ms (cache miss)
1186 silly packumentCache full:https://registry.npmjs.org/@babel%2fhelper-string-parser set size:undefined disposed:false
1187 http fetch GET 200 https://registry.npmjs.org/@babel%2fhelper-validator-identifier 95ms (cache miss)
1188 silly packumentCache full:https://registry.npmjs.org/@babel%2fhelper-validator-identifier set size:undefined disposed:false
1189 silly placeDep ROOT @babel/helper-string-parser@7.29.7 OK for: @babel/types@7.29.8 want: ^7.29.7
1190 silly placeDep ROOT @babel/helper-validator-identifier@7.29.7 OK for: @babel/types@7.29.8 want: ^7.29.7
1191 silly placeDep ROOT deep-is@0.1.4 OK for: optionator@0.9.4 want: ^0.1.3
1192 silly placeDep ROOT fast-levenshtein@2.0.6 OK for: optionator@0.9.4 want: ^2.0.6
1193 silly placeDep ROOT word-wrap@1.2.5 OK for: optionator@0.9.4 want: ^1.2.5
1194 silly placeDep ROOT bl@4.1.0 OK for: ora@5.4.1 want: ^4.1.0
1195 silly placeDep ROOT cli-cursor@3.1.0 OK for: ora@5.4.1 want: ^3.1.0
1196 silly placeDep ROOT cli-spinners@2.9.2 OK for: ora@5.4.1 want: ^2.5.0
1197 silly placeDep ROOT is-interactive@1.0.0 OK for: ora@5.4.1 want: ^1.0.0
1198 silly placeDep ROOT is-unicode-supported@0.1.0 OK for: ora@5.4.1 want: ^0.1.0
1199 silly placeDep ROOT log-symbols@4.1.0 OK for: ora@5.4.1 want: ^4.1.0
1200 silly placeDep ROOT strip-ansi@6.0.1 OK for: ora@5.4.1 want: ^6.0.0
1201 silly placeDep ROOT wcwidth@1.0.1 OK for: ora@5.4.1 want: ^1.0.1
1202 silly fetch manifest buffer@^5.5.0
1203 silly packumentCache full:https://registry.npmjs.org/buffer cache-miss
1204 silly fetch manifest inherits@^2.0.4
1205 silly packumentCache full:https://registry.npmjs.org/inherits cache-miss
1206 silly fetch manifest readable-stream@^3.4.0
1207 silly packumentCache full:https://registry.npmjs.org/readable-stream cache-miss
1208 silly fetch manifest restore-cursor@^3.1.0
1209 silly packumentCache full:https://registry.npmjs.org/restore-cursor cache-miss
1210 silly fetch manifest ansi-regex@^5.0.1
1211 silly packumentCache full:https://registry.npmjs.org/ansi-regex cache-miss
1212 silly fetch manifest defaults@^1.0.3
1213 silly packumentCache full:https://registry.npmjs.org/defaults cache-miss
1214 http fetch GET 200 https://registry.npmjs.org/defaults 92ms (cache miss)
1215 silly packumentCache full:https://registry.npmjs.org/defaults set size:undefined disposed:false
1216 http fetch GET 200 https://registry.npmjs.org/inherits 99ms (cache miss)
1217 silly packumentCache full:https://registry.npmjs.org/inherits set size:undefined disposed:false
1218 http fetch GET 200 https://registry.npmjs.org/restore-cursor 103ms (cache miss)
1219 silly packumentCache full:https://registry.npmjs.org/restore-cursor set size:undefined disposed:false
1220 http fetch GET 200 https://registry.npmjs.org/ansi-regex 113ms (cache miss)
1221 silly packumentCache full:https://registry.npmjs.org/ansi-regex set size:undefined disposed:false
1222 http fetch GET 200 https://registry.npmjs.org/readable-stream 127ms (cache miss)
1223 silly packumentCache full:https://registry.npmjs.org/readable-stream set size:undefined disposed:false
1224 http fetch GET 200 https://registry.npmjs.org/buffer 138ms (cache miss)
1225 silly packumentCache full:https://registry.npmjs.org/buffer set size:undefined disposed:false
1226 silly placeDep ROOT buffer@5.7.1 OK for: bl@4.1.0 want: ^5.5.0
1227 silly placeDep ROOT inherits@2.0.4 OK for: bl@4.1.0 want: ^2.0.4
1228 silly placeDep ROOT readable-stream@3.6.2 OK for: bl@4.1.0 want: ^3.4.0
1229 silly fetch manifest base64-js@^1.3.1
1230 silly packumentCache full:https://registry.npmjs.org/base64-js cache-miss
1231 silly fetch manifest ieee754@^1.1.13
1232 silly packumentCache full:https://registry.npmjs.org/ieee754 cache-miss
1233 silly fetch manifest string_decoder@^1.1.1
1234 silly packumentCache full:https://registry.npmjs.org/string_decoder cache-miss
1235 silly fetch manifest util-deprecate@^1.0.1
1236 silly packumentCache full:https://registry.npmjs.org/util-deprecate cache-miss
1237 http fetch GET 200 https://registry.npmjs.org/ieee754 70ms (cache miss)
1238 silly packumentCache full:https://registry.npmjs.org/ieee754 set size:undefined disposed:false
1239 http fetch GET 200 https://registry.npmjs.org/base64-js 74ms (cache miss)
1240 silly packumentCache full:https://registry.npmjs.org/base64-js set size:undefined disposed:false
1241 http fetch GET 200 https://registry.npmjs.org/util-deprecate 75ms (cache miss)
1242 silly packumentCache full:https://registry.npmjs.org/util-deprecate set size:undefined disposed:false
1243 http fetch GET 200 https://registry.npmjs.org/string_decoder 83ms (cache miss)
1244 silly packumentCache full:https://registry.npmjs.org/string_decoder set size:undefined disposed:false
1245 silly placeDep ROOT base64-js@1.5.1 OK for: buffer@5.7.1 want: ^1.3.1
1246 silly placeDep ROOT ieee754@1.2.1 OK for: buffer@5.7.1 want: ^1.1.13
1247 silly placeDep ROOT restore-cursor@3.1.0 OK for: cli-cursor@3.1.0 want: ^3.1.0
1248 silly fetch manifest onetime@^5.1.0
1249 silly packumentCache full:https://registry.npmjs.org/onetime cache-miss
1250 silly fetch manifest signal-exit@^3.0.2
1251 silly packumentCache full:https://registry.npmjs.org/signal-exit cache-miss
1252 http fetch GET 200 https://registry.npmjs.org/signal-exit 88ms (cache miss)
1253 silly packumentCache full:https://registry.npmjs.org/signal-exit set size:undefined disposed:false
1254 http fetch GET 200 https://registry.npmjs.org/onetime 95ms (cache miss)
1255 silly packumentCache full:https://registry.npmjs.org/onetime set size:undefined disposed:false
1256 silly placeDep ROOT p-limit@3.1.0 OK for: p-locate@5.0.0 want: ^3.0.2
1257 silly fetch manifest yocto-queue@^0.1.0
1258 silly packumentCache full:https://registry.npmjs.org/yocto-queue cache-miss
1259 http fetch GET 200 https://registry.npmjs.org/yocto-queue 62ms (cache miss)
1260 silly packumentCache full:https://registry.npmjs.org/yocto-queue set size:undefined disposed:false
1261 silly placeDep ROOT yocto-queue@0.1.0 OK for: p-limit@3.1.0 want: ^0.1.0
1262 silly placeDep ROOT callsites@3.1.0 OK for: parent-module@1.0.1 want: ^3.0.0
1263 silly placeDep ROOT lru-cache@11.5.3 OK for: path-scurry@2.0.2 want: ^11.0.0
1264 silly placeDep ROOT @dependents/detective-less@5.0.3 OK for: precinct@12.3.2 want: ^5.0.3
1265 silly placeDep node_modules/precinct commander@12.1.0 OK for: precinct@12.3.2 want: ^12.1.0
1266 silly placeDep ROOT detective-amd@6.1.0 OK for: precinct@12.3.2 want: ^6.1.0
1267 silly placeDep ROOT detective-cjs@6.1.1 OK for: precinct@12.3.2 want: ^6.1.1
1268 silly placeDep ROOT detective-es6@5.0.2 OK for: precinct@12.3.2 want: ^5.0.2
1269 silly placeDep ROOT detective-postcss@8.0.4 OK for: precinct@12.3.2 want: ^8.0.3
1270 silly placeDep ROOT postcss@8.5.28 OK for: detective-postcss@8.0.4 want: ^8.4.47
1271 silly placeDep ROOT detective-sass@6.0.2 OK for: precinct@12.3.2 want: ^6.0.2
1272 silly placeDep ROOT detective-scss@5.0.2 OK for: precinct@12.3.2 want: ^5.0.2
1273 silly placeDep ROOT detective-stylus@5.0.1 OK for: precinct@12.3.2 want: ^5.0.1
1274 silly placeDep ROOT detective-typescript@14.1.2 OK for: precinct@12.3.2 want: ^14.1.2
1275 silly placeDep ROOT detective-vue2@2.3.0 OK for: precinct@12.3.2 want: ^2.3.0
1276 silly fetch manifest gonzales-pe@^4.3.0
1277 silly packumentCache full:https://registry.npmjs.org/gonzales-pe cache-miss
1278 silly fetch manifest escodegen@^2.1.0
1279 silly packumentCache full:https://registry.npmjs.org/escodegen cache-miss
1280 silly fetch manifest get-amd-module-type@^6.0.2
1281 silly packumentCache full:https://registry.npmjs.org/get-amd-module-type cache-miss
1282 silly fetch manifest is-url-superb@^4.0.0
1283 silly packumentCache full:https://registry.npmjs.org/is-url-superb cache-miss
1284 silly fetch manifest postcss-values-parser@^6.0.2
1285 silly packumentCache full:https://registry.npmjs.org/postcss-values-parser cache-miss
1286 silly fetch manifest nanoid@^3.3.18
1287 silly packumentCache full:https://registry.npmjs.org/nanoid cache-miss
1288 silly fetch manifest source-map-js@^1.2.1
1289 silly packumentCache full:https://registry.npmjs.org/source-map-js cache-miss
1290 silly fetch manifest gonzales-pe@^4.3.0
1291 silly packumentCache full:https://registry.npmjs.org/gonzales-pe cache-miss
1292 silly fetch manifest gonzales-pe@^4.3.0
1293 silly packumentCache full:https://registry.npmjs.org/gonzales-pe cache-miss
1294 silly fetch manifest @typescript-eslint/typescript-estree@^8.58.2
1295 silly packumentCache full:https://registry.npmjs.org/@typescript-eslint%2ftypescript-estree cache-miss
1296 silly fetch manifest @vue/compiler-sfc@^3.5.32
1297 silly packumentCache full:https://registry.npmjs.org/@vue%2fcompiler-sfc cache-miss
1298 http fetch GET 200 https://registry.npmjs.org/source-map-js 118ms (cache miss)
1299 silly packumentCache full:https://registry.npmjs.org/source-map-js set size:undefined disposed:false
1300 http fetch GET 200 https://registry.npmjs.org/get-amd-module-type 127ms (cache miss)
1301 silly packumentCache full:https://registry.npmjs.org/get-amd-module-type set size:undefined disposed:false
1302 http fetch GET 200 https://registry.npmjs.org/gonzales-pe 130ms (cache miss)
1303 silly packumentCache full:https://registry.npmjs.org/gonzales-pe set size:undefined disposed:false
1304 http fetch GET 200 https://registry.npmjs.org/gonzales-pe 139ms (cache miss)
1305 silly packumentCache full:https://registry.npmjs.org/gonzales-pe set size:undefined disposed:false
1306 http fetch GET 200 https://registry.npmjs.org/gonzales-pe 142ms (cache miss)
1307 silly packumentCache full:https://registry.npmjs.org/gonzales-pe set size:undefined disposed:false
1308 http fetch GET 200 https://registry.npmjs.org/escodegen 149ms (cache miss)
1309 silly packumentCache full:https://registry.npmjs.org/escodegen set size:undefined disposed:false
1310 http fetch GET 200 https://registry.npmjs.org/postcss-values-parser 153ms (cache miss)
1311 silly packumentCache full:https://registry.npmjs.org/postcss-values-parser set size:undefined disposed:false
1312 http fetch GET 200 https://registry.npmjs.org/nanoid 166ms (cache miss)
1313 silly packumentCache full:https://registry.npmjs.org/nanoid set size:undefined disposed:false
1314 http fetch GET 200 https://registry.npmjs.org/is-url-superb 346ms (cache miss)
1315 silly packumentCache full:https://registry.npmjs.org/is-url-superb set size:undefined disposed:false
1316 http fetch GET 200 https://registry.npmjs.org/@vue%2fcompiler-sfc 388ms (cache miss)
1317 silly packumentCache full:https://registry.npmjs.org/@vue%2fcompiler-sfc set size:undefined disposed:false
1318 http fetch GET 200 https://registry.npmjs.org/@typescript-eslint%2ftypescript-estree 553ms (cache miss)
1319 silly packumentCache full:https://registry.npmjs.org/@typescript-eslint%2ftypescript-estree set size:undefined disposed:false
1320 silly placeDep ROOT gonzales-pe@4.3.0 OK for: @dependents/detective-less@5.0.3 want: ^4.3.0
1321 silly fetch manifest minimist@^1.2.5
1322 silly packumentCache full:https://registry.npmjs.org/minimist cache-hit
1323 silly placeDep ROOT escodegen@2.1.0 OK for: detective-amd@6.1.0 want: ^2.1.0
1324 silly placeDep ROOT get-amd-module-type@6.0.2 OK for: detective-amd@6.1.0 want: ^6.0.2
1325 silly fetch manifest esprima@^4.0.1
1326 silly packumentCache full:https://registry.npmjs.org/esprima cache-miss
1327 silly fetch manifest source-map@~0.6.1
1328 silly packumentCache full:https://registry.npmjs.org/source-map cache-miss
1329 http cache https://registry.npmjs.org/esprima 22ms (cache hit)
1330 silly packumentCache full:https://registry.npmjs.org/esprima set size:118410 disposed:false
1331 http fetch GET 200 https://registry.npmjs.org/source-map 96ms (cache miss)
1332 silly packumentCache full:https://registry.npmjs.org/source-map set size:undefined disposed:false
1333 silly fetch manifest postcss@^8.4.47
1334 silly packumentCache full:https://registry.npmjs.org/postcss cache-hit
1335 silly placeDep ROOT is-url-superb@4.0.0 OK for: detective-postcss@8.0.4 want: ^4.0.0
1336 silly placeDep ROOT postcss-values-parser@6.0.2 OK for: detective-postcss@8.0.4 want: ^6.0.2
1337 silly fetch manifest quote-unquote@^1.0.0
1338 silly packumentCache full:https://registry.npmjs.org/quote-unquote cache-miss
1339 http fetch GET 200 https://registry.npmjs.org/quote-unquote 67ms (cache miss)
1340 silly packumentCache full:https://registry.npmjs.org/quote-unquote set size:undefined disposed:false
1341 silly fetch manifest typescript@^5.4.4 || ^6.0.2
1342 silly packumentCache full:https://registry.npmjs.org/typescript cache-miss
1343 http cache https://registry.npmjs.org/typescript 80ms (cache hit)
1344 silly packumentCache full:https://registry.npmjs.org/typescript set size:15731638 disposed:false
1345 silly placeDep ROOT @typescript-eslint/typescript-estree@8.71.0 OK for: detective-typescript@14.1.2 want: ^8.58.2
1346 silly fetch manifest semver@^7.7.3
1347 silly packumentCache full:https://registry.npmjs.org/semver cache-miss
1348 silly fetch manifest tinyglobby@^0.2.15
1349 silly packumentCache full:https://registry.npmjs.org/tinyglobby cache-miss
1350 silly fetch manifest ts-api-utils@^2.5.0
1351 silly packumentCache full:https://registry.npmjs.org/ts-api-utils cache-miss
1352 silly fetch manifest @typescript-eslint/types@8.71.0
1353 silly packumentCache full:https://registry.npmjs.org/@typescript-eslint%2ftypes cache-miss
1354 silly fetch manifest @typescript-eslint/visitor-keys@8.71.0
1355 silly packumentCache full:https://registry.npmjs.org/@typescript-eslint%2fvisitor-keys cache-miss
1356 silly fetch manifest @typescript-eslint/tsconfig-utils@8.71.0
1357 silly packumentCache full:https://registry.npmjs.org/@typescript-eslint%2ftsconfig-utils cache-miss
1358 silly fetch manifest @typescript-eslint/project-service@8.71.0
1359 silly packumentCache full:https://registry.npmjs.org/@typescript-eslint%2fproject-service cache-miss
1360 http fetch GET 200 https://registry.npmjs.org/tinyglobby 93ms (cache miss)
1361 silly packumentCache full:https://registry.npmjs.org/tinyglobby set size:undefined disposed:false
1362 http fetch GET 200 https://registry.npmjs.org/semver 110ms (cache miss)
1363 silly packumentCache full:https://registry.npmjs.org/semver set size:undefined disposed:false
1364 http fetch GET 200 https://registry.npmjs.org/ts-api-utils 118ms (cache miss)
1365 silly packumentCache full:https://registry.npmjs.org/ts-api-utils set size:undefined disposed:false
1366 http fetch GET 200 https://registry.npmjs.org/@typescript-eslint%2fproject-service 189ms (cache miss)
1367 silly packumentCache full:https://registry.npmjs.org/@typescript-eslint%2fproject-service set size:undefined disposed:false
1368 http fetch GET 200 https://registry.npmjs.org/@typescript-eslint%2ftsconfig-utils 235ms (cache miss)
1369 silly packumentCache full:https://registry.npmjs.org/@typescript-eslint%2ftsconfig-utils set size:undefined disposed:false
1370 http fetch GET 200 https://registry.npmjs.org/@typescript-eslint%2ftypes 527ms (cache miss)
1371 silly packumentCache full:https://registry.npmjs.org/@typescript-eslint%2ftypes set size:undefined disposed:false
1372 http fetch GET 200 https://registry.npmjs.org/@typescript-eslint%2fvisitor-keys 768ms (cache miss)
1373 silly packumentCache full:https://registry.npmjs.org/@typescript-eslint%2fvisitor-keys set size:undefined disposed:false
1374 silly fetch manifest typescript@>=4.8.4 <6.1.0
1375 silly packumentCache full:https://registry.npmjs.org/typescript cache-miss
1376 http cache https://registry.npmjs.org/typescript 65ms (cache hit)
1377 silly packumentCache full:https://registry.npmjs.org/typescript set size:15731638 disposed:false
1378 silly placeDep ROOT @typescript-eslint/project-service@8.71.0 OK for: @typescript-eslint/typescript-estree@8.71.0 want: 8.71.0
1379 silly placeDep ROOT @typescript-eslint/tsconfig-utils@8.71.0 OK for: @typescript-eslint/typescript-estree@8.71.0 want: 8.71.0
1380 silly placeDep ROOT @typescript-eslint/types@8.71.0 OK for: @typescript-eslint/typescript-estree@8.71.0 want: 8.71.0
1381 silly placeDep ROOT @typescript-eslint/visitor-keys@8.71.0 OK for: @typescript-eslint/typescript-estree@8.71.0 want: 8.71.0
1382 silly placeDep node_modules/@typescript-eslint/typescript-estree minimatch@10.2.6 OK for: @typescript-eslint/typescript-estree@8.71.0 want: ^10.2.2
1383 silly placeDep ROOT semver@7.8.5 OK for: @typescript-eslint/typescript-estree@8.71.0 want: ^7.7.3
1384 silly placeDep ROOT tinyglobby@0.2.17 OK for: @typescript-eslint/typescript-estree@8.71.0 want: ^0.2.15
1385 silly placeDep ROOT ts-api-utils@2.5.0 OK for: @typescript-eslint/typescript-estree@8.71.0 want: ^2.5.0
1386 silly fetch manifest @typescript-eslint/types@^8.71.0
1387 silly packumentCache full:https://registry.npmjs.org/@typescript-eslint%2ftypes cache-miss
1388 silly fetch manifest @typescript-eslint/tsconfig-utils@^8.71.0
1389 silly packumentCache full:https://registry.npmjs.org/@typescript-eslint%2ftsconfig-utils cache-miss
1390 silly fetch manifest eslint-visitor-keys@^5.0.0
1391 silly packumentCache full:https://registry.npmjs.org/eslint-visitor-keys cache-hit
1392 silly fetch manifest fdir@^6.5.0
1393 silly packumentCache full:https://registry.npmjs.org/fdir cache-miss
1394 silly fetch manifest picomatch@^4.0.4
1395 silly packumentCache full:https://registry.npmjs.org/picomatch cache-miss
1396 http fetch GET 200 https://registry.npmjs.org/picomatch 469ms (cache miss)
1397 silly packumentCache full:https://registry.npmjs.org/picomatch set size:undefined disposed:false
1398 http cache https://registry.npmjs.org/@typescript-eslint%2ftsconfig-utils 483ms (cache hit)
1399 silly packumentCache full:https://registry.npmjs.org/@typescript-eslint%2ftsconfig-utils set size:1951802 disposed:false
1400 http cache https://registry.npmjs.org/@typescript-eslint%2ftypes 534ms (cache hit)
1401 silly packumentCache full:https://registry.npmjs.org/@typescript-eslint%2ftypes set size:13011965 disposed:false
1402 http fetch GET 200 https://registry.npmjs.org/fdir 680ms (cache miss)
1403 silly packumentCache full:https://registry.npmjs.org/fdir set size:undefined disposed:false
1404 silly placeDep node_modules/@typescript-eslint/visitor-keys eslint-visitor-keys@5.0.1 OK for: @typescript-eslint/visitor-keys@8.71.0 want: ^5.0.0
1405 silly placeDep ROOT @vue/compiler-sfc@3.5.43 OK for: detective-vue2@2.3.0 want: ^3.5.32
1406 silly fetch manifest @vue/shared@3.5.43
1407 silly packumentCache full:https://registry.npmjs.org/@vue%2fshared cache-miss
1408 silly fetch manifest magic-string@^0.30.21
1409 silly packumentCache full:https://registry.npmjs.org/magic-string cache-miss
1410 silly fetch manifest estree-walker@^2.0.2
1411 silly packumentCache full:https://registry.npmjs.org/estree-walker cache-miss
1412 silly fetch manifest @vue/compiler-dom@3.5.43
1413 silly packumentCache full:https://registry.npmjs.org/@vue%2fcompiler-dom cache-miss
1414 silly fetch manifest @vue/compiler-ssr@3.5.43
1415 silly packumentCache full:https://registry.npmjs.org/@vue%2fcompiler-ssr cache-miss
1416 silly fetch manifest @vue/compiler-core@3.5.43
1417 silly packumentCache full:https://registry.npmjs.org/@vue%2fcompiler-core cache-miss
1418 http fetch GET 200 https://registry.npmjs.org/estree-walker 75ms (cache miss)
1419 silly packumentCache full:https://registry.npmjs.org/estree-walker set size:undefined disposed:false
1420 http fetch GET 200 https://registry.npmjs.org/magic-string 113ms (cache miss)
1421 silly packumentCache full:https://registry.npmjs.org/magic-string set size:undefined disposed:false
1422 http fetch GET 200 https://registry.npmjs.org/@vue%2fcompiler-core 130ms (cache miss)
1423 silly packumentCache full:https://registry.npmjs.org/@vue%2fcompiler-core set size:undefined disposed:false
1424 http fetch GET 200 https://registry.npmjs.org/@vue%2fshared 181ms (cache miss)
1425 silly packumentCache full:https://registry.npmjs.org/@vue%2fshared set size:undefined disposed:false
1426 http fetch GET 200 https://registry.npmjs.org/@vue%2fcompiler-dom 456ms (cache miss)
1427 silly packumentCache full:https://registry.npmjs.org/@vue%2fcompiler-dom set size:undefined disposed:false
1428 http fetch GET 200 https://registry.npmjs.org/@vue%2fcompiler-ssr 581ms (cache miss)
1429 silly packumentCache full:https://registry.npmjs.org/@vue%2fcompiler-ssr set size:undefined disposed:false
1430 silly placeDep ROOT @vue/compiler-core@3.5.43 OK for: @vue/compiler-sfc@3.5.43 want: 3.5.43
1431 silly placeDep ROOT @vue/compiler-dom@3.5.43 OK for: @vue/compiler-sfc@3.5.43 want: 3.5.43
1432 silly placeDep ROOT @vue/compiler-ssr@3.5.43 OK for: @vue/compiler-sfc@3.5.43 want: 3.5.43
1433 silly placeDep ROOT @vue/shared@3.5.43 OK for: @vue/compiler-sfc@3.5.43 want: 3.5.43
1434 silly placeDep ROOT estree-walker@2.0.2 OK for: @vue/compiler-sfc@3.5.43 want: ^2.0.2
1435 silly placeDep ROOT magic-string@0.30.21 OK for: @vue/compiler-sfc@3.5.43 want: ^0.30.21
1436 silly placeDep ROOT source-map-js@1.2.1 OK for: @vue/compiler-sfc@3.5.43 want: ^1.2.1
1437 silly fetch manifest entities@^7.0.1
1438 silly packumentCache full:https://registry.npmjs.org/entities cache-miss
1439 silly fetch manifest @jridgewell/sourcemap-codec@^1.5.5
1440 silly packumentCache full:https://registry.npmjs.org/@jridgewell%2fsourcemap-codec cache-miss
1441 http fetch GET 200 https://registry.npmjs.org/entities 79ms (cache miss)
1442 silly packumentCache full:https://registry.npmjs.org/entities set size:undefined disposed:false
1443 http fetch GET 200 https://registry.npmjs.org/@jridgewell%2fsourcemap-codec 96ms (cache miss)
1444 silly packumentCache full:https://registry.npmjs.org/@jridgewell%2fsourcemap-codec set size:undefined disposed:false
1445 silly placeDep ROOT entities@7.0.1 OK for: @vue/compiler-core@3.5.43 want: ^7.0.1
1446 silly placeDep ROOT esprima@4.0.1 OK for: escodegen@2.1.0 want: ^4.0.1
1447 silly placeDep ROOT source-map@0.6.1 OK for: escodegen@2.1.0 want: ~0.6.1
1448 silly placeDep ROOT minimist@1.2.8 OK for: gonzales-pe@4.3.0 want: ^1.2.5
1449 silly placeDep ROOT @jridgewell/sourcemap-codec@1.6.0 OK for: magic-string@0.30.21 want: ^1.5.5
1450 silly placeDep ROOT nanoid@3.3.19 OK for: postcss@8.5.28 want: ^3.3.18
1451 silly placeDep ROOT picocolors@1.1.1 OK for: postcss@8.5.28 want: ^1.1.1
1452 silly placeDep ROOT quote-unquote@1.0.0 OK for: postcss-values-parser@6.0.2 want: ^1.0.0
1453 silly placeDep ROOT parse-ms@2.1.0 OK for: pretty-ms@7.0.1 want: ^2.1.0
1454 silly placeDep ROOT deep-extend@0.6.0 OK for: rc@1.2.8 want: ^0.6.0
1455 silly placeDep ROOT ini@1.3.8 OK for: rc@1.2.8 want: ~1.3.0
1456 silly placeDep node_modules/rc strip-json-comments@2.0.1 OK for: rc@1.2.8 want: ~2.0.1
1457 silly placeDep ROOT string_decoder@1.3.0 OK for: readable-stream@3.6.2 want: ^1.1.1
1458 silly placeDep ROOT util-deprecate@1.0.2 OK for: readable-stream@3.6.2 want: ^1.0.1
1459 silly fetch manifest safe-buffer@~5.2.0
1460 silly packumentCache full:https://registry.npmjs.org/safe-buffer cache-miss
1461 http fetch GET 200 https://registry.npmjs.org/safe-buffer 96ms (cache miss)
1462 silly packumentCache full:https://registry.npmjs.org/safe-buffer set size:undefined disposed:false
1463 silly placeDep ROOT stringify-object@3.3.0 OK for: requirejs-config-file@4.0.0 want: ^3.2.1
1464 silly fetch manifest is-obj@^1.0.1
1465 silly packumentCache full:https://registry.npmjs.org/is-obj cache-miss
1466 silly fetch manifest is-regexp@^1.0.0
1467 silly packumentCache full:https://registry.npmjs.org/is-regexp cache-miss
1468 silly fetch manifest get-own-enumerable-property-symbols@^3.0.0
1469 silly packumentCache full:https://registry.npmjs.org/get-own-enumerable-property-symbols cache-miss
1470 http fetch GET 200 https://registry.npmjs.org/is-obj 56ms (cache miss)
1471 silly packumentCache full:https://registry.npmjs.org/is-obj set size:undefined disposed:false
1472 http fetch GET 200 https://registry.npmjs.org/is-regexp 71ms (cache miss)
1473 silly packumentCache full:https://registry.npmjs.org/is-regexp set size:undefined disposed:false
1474 http fetch GET 200 https://registry.npmjs.org/get-own-enumerable-property-symbols 73ms (cache miss)
1475 silly packumentCache full:https://registry.npmjs.org/get-own-enumerable-property-symbols set size:undefined disposed:false
1476 silly placeDep ROOT es-errors@1.3.0 OK for: resolve@1.22.12 want: ^1.3.0
1477 silly placeDep ROOT is-core-module@2.17.0 OK for: resolve@1.22.12 want: ^2.16.1
1478 silly placeDep ROOT path-parse@1.0.7 OK for: resolve@1.22.12 want: ^1.0.7
1479 silly placeDep ROOT supports-preserve-symlinks-flag@1.0.0 OK for: resolve@1.22.12 want: ^1.0.0
1480 silly fetch manifest hasown@^2.0.4
1481 silly packumentCache full:https://registry.npmjs.org/hasown cache-miss
1482 http fetch GET 200 https://registry.npmjs.org/hasown 82ms (cache miss)
1483 silly packumentCache full:https://registry.npmjs.org/hasown set size:undefined disposed:false
1484 silly placeDep ROOT hasown@2.0.4 OK for: is-core-module@2.17.0 want: ^2.0.4
1485 silly fetch manifest function-bind@^1.1.2
1486 silly packumentCache full:https://registry.npmjs.org/function-bind cache-miss
1487 http fetch GET 200 https://registry.npmjs.org/function-bind 69ms (cache miss)
1488 silly packumentCache full:https://registry.npmjs.org/function-bind set size:undefined disposed:false
1489 silly placeDep ROOT function-bind@1.1.2 OK for: hasown@2.0.4 want: ^1.1.2
1490 silly placeDep ROOT onetime@5.1.2 OK for: restore-cursor@3.1.0 want: ^5.1.0
1491 silly placeDep ROOT signal-exit@3.0.7 OK for: restore-cursor@3.1.0 want: ^3.0.2
1492 silly fetch manifest mimic-fn@^2.1.0
1493 silly packumentCache full:https://registry.npmjs.org/mimic-fn cache-miss
1494 http fetch GET 200 https://registry.npmjs.org/mimic-fn 74ms (cache miss)
1495 silly packumentCache full:https://registry.npmjs.org/mimic-fn set size:undefined disposed:false
1496 silly placeDep ROOT mimic-fn@2.1.0 OK for: onetime@5.1.2 want: ^2.1.0
1497 silly placeDep node_modules/sass-lookup commander@12.1.0 OK for: sass-lookup@6.1.2 want: ^12.1.0
1498 silly placeDep ROOT shebang-regex@3.0.0 OK for: shebang-command@2.0.0 want: ^3.0.0
1499 silly placeDep ROOT any-promise@1.3.0 OK for: stream-to-array@2.3.0 want: ^1.1.0
1500 silly placeDep ROOT safe-buffer@5.2.1 OK for: string_decoder@1.3.0 want: ~5.2.0
1501 silly placeDep ROOT get-own-enumerable-property-symbols@3.0.2 OK for: stringify-object@3.3.0 want: ^3.0.0
1502 silly placeDep ROOT is-obj@1.0.1 OK for: stringify-object@3.3.0 want: ^1.0.1
1503 silly placeDep ROOT is-regexp@1.0.0 OK for: stringify-object@3.3.0 want: ^1.0.0
1504 silly placeDep ROOT ansi-regex@5.0.1 OK for: strip-ansi@6.0.1 want: ^5.0.1
1505 silly fetch manifest typescript@>=4.9.5
1506 silly packumentCache full:https://registry.npmjs.org/typescript cache-miss
1507 http cache https://registry.npmjs.org/typescript 58ms (cache hit)
1508 silly packumentCache full:https://registry.npmjs.org/typescript set size:15731638 disposed:false
1509 silly placeDep ROOT @csstools/css-parser-algorithms@3.0.5 OK for: stylelint@16.26.1 want: ^3.0.5
1510 silly placeDep ROOT @csstools/css-tokenizer@3.0.4 OK for: @csstools/css-parser-algorithms@3.0.5 want: ^3.0.4
1511 silly placeDep ROOT @csstools/css-syntax-patches-for-csstree@1.1.14 OK for: stylelint@16.26.1 want: ^1.0.19
1512 silly placeDep ROOT @csstools/media-query-list-parser@4.0.3 OK for: stylelint@16.26.1 want: ^4.0.3
1513 silly placeDep ROOT @csstools/selector-specificity@5.0.0 OK for: stylelint@16.26.1 want: ^5.0.0
1514 silly placeDep ROOT postcss-selector-parser@7.1.6 OK for: @csstools/selector-specificity@5.0.0 want: ^7.0.0
1515 silly placeDep ROOT @dual-bundle/import-meta-resolve@4.2.1 OK for: stylelint@16.26.1 want: ^4.2.1
1516 silly placeDep node_modules/stylelint balanced-match@2.0.0 OK for: stylelint@16.26.1 want: ^2.0.0
1517 silly placeDep ROOT colord@2.10.0 OK for: stylelint@16.26.1 want: ^2.9.3
1518 silly placeDep ROOT cosmiconfig@9.0.2 OK for: stylelint@16.26.1 want: ^9.0.0
1519 silly placeDep ROOT css-functions-list@3.3.3 OK for: stylelint@16.26.1 want: ^3.2.3
1520 silly placeDep ROOT css-tree@3.2.1 OK for: stylelint@16.26.1 want: ^3.1.0
1521 silly placeDep ROOT fast-glob@3.3.3 OK for: stylelint@16.26.1 want: ^3.3.3
1522 silly placeDep ROOT fastest-levenshtein@1.0.16 OK for: stylelint@16.26.1 want: ^1.0.16
1523 silly placeDep node_modules/stylelint file-entry-cache@11.1.5 OK for: stylelint@16.26.1 want: ^11.1.1
1524 silly placeDep ROOT global-modules@2.0.0 OK for: stylelint@16.26.1 want: ^2.0.0
1525 silly placeDep ROOT globby@11.1.0 OK for: stylelint@16.26.1 want: ^11.1.0
1526 silly placeDep ROOT globjoin@0.1.4 OK for: stylelint@16.26.1 want: ^0.1.4
1527 silly placeDep ROOT html-tags@3.3.1 OK for: stylelint@16.26.1 want: ^3.3.1
1528 silly placeDep node_modules/stylelint ignore@7.0.10 OK for: stylelint@16.26.1 want: ^7.0.5
1529 silly placeDep ROOT is-plain-object@5.1.0 OK for: stylelint@16.26.1 want: ^5.0.0
1530 silly placeDep ROOT known-css-properties@0.37.0 OK for: stylelint@16.26.1 want: ^0.37.0
1531 silly placeDep ROOT mathml-tag-names@2.1.3 OK for: stylelint@16.26.1 want: ^2.1.3
1532 silly placeDep ROOT meow@13.2.0 OK for: stylelint@16.26.1 want: ^13.2.0
1533 silly placeDep ROOT micromatch@4.0.8 OK for: stylelint@16.26.1 want: ^4.0.8
1534 silly placeDep ROOT normalize-path@3.0.0 OK for: stylelint@16.26.1 want: ^3.0.0
1535 silly placeDep ROOT postcss-resolve-nested-selector@0.1.6 OK for: stylelint@16.26.1 want: ^0.1.6
1536 silly placeDep ROOT postcss-safe-parser@7.1.0 OK for: stylelint@16.26.1 want: ^7.0.1
1537 silly placeDep ROOT postcss-value-parser@4.2.0 OK for: stylelint@16.26.1 want: ^4.2.0
1538 silly placeDep node_modules/stylelint resolve-from@5.0.0 OK for: stylelint@16.26.1 want: ^5.0.0
1539 silly placeDep ROOT string-width@4.2.3 OK for: stylelint@16.26.1 want: ^4.2.3
1540 silly placeDep ROOT supports-hyperlinks@3.2.0 OK for: stylelint@16.26.1 want: ^3.2.0
1541 silly placeDep ROOT svg-tags@1.0.0 OK for: stylelint@16.26.1 want: ^1.0.0
1542 silly placeDep ROOT table@6.9.0 OK for: stylelint@16.26.1 want: ^6.9.0
1543 silly placeDep ROOT write-file-atomic@5.0.1 OK for: stylelint@16.26.1 want: ^5.0.1
1544 silly fetch manifest cssesc@^3.0.0
1545 silly packumentCache full:https://registry.npmjs.org/cssesc cache-miss
1546 silly fetch manifest env-paths@^2.2.1
1547 silly packumentCache full:https://registry.npmjs.org/env-paths cache-miss
1548 silly fetch manifest parse-json@^5.2.0
1549 silly packumentCache full:https://registry.npmjs.org/parse-json cache-miss
1550 silly fetch manifest mdn-data@2.27.1
1551 silly packumentCache full:https://registry.npmjs.org/mdn-data cache-miss
1552 silly fetch manifest @nodelib/fs.stat@^2.0.2
1553 silly packumentCache full:https://registry.npmjs.org/@nodelib%2ffs.stat cache-miss
1554 silly fetch manifest @nodelib/fs.walk@^1.2.3
1555 silly packumentCache full:https://registry.npmjs.org/@nodelib%2ffs.walk cache-miss
1556 silly fetch manifest glob-parent@^5.1.2
1557 silly packumentCache full:https://registry.npmjs.org/glob-parent cache-miss
1558 silly fetch manifest merge2@^1.3.0
1559 silly packumentCache full:https://registry.npmjs.org/merge2 cache-miss
1560 silly fetch manifest flat-cache@^6.1.23
1561 silly packumentCache full:https://registry.npmjs.org/flat-cache cache-miss
1562 silly fetch manifest global-prefix@^3.0.0
1563 silly packumentCache full:https://registry.npmjs.org/global-prefix cache-miss
1564 silly fetch manifest slash@^3.0.0
1565 silly packumentCache full:https://registry.npmjs.org/slash cache-miss
1566 http cache https://registry.npmjs.org/glob-parent 23ms (cache hit)
1567 silly packumentCache full:https://registry.npmjs.org/glob-parent set size:42445 disposed:false
1568 silly fetch manifest merge2@^1.4.1
1569 silly packumentCache full:https://registry.npmjs.org/merge2 cache-miss
1570 http cache https://registry.npmjs.org/flat-cache 26ms (cache hit)
1571 silly packumentCache full:https://registry.npmjs.org/flat-cache set size:160097 disposed:false
1572 silly fetch manifest dir-glob@^3.0.1
1573 silly packumentCache full:https://registry.npmjs.org/dir-glob cache-miss
1574 http fetch GET 200 https://registry.npmjs.org/slash 115ms (cache miss)
1575 silly packumentCache full:https://registry.npmjs.org/slash set size:undefined disposed:false
1576 silly fetch manifest array-union@^2.1.0
1577 silly packumentCache full:https://registry.npmjs.org/array-union cache-miss
1578 http fetch GET 200 https://registry.npmjs.org/cssesc 129ms (cache miss)
1579 silly packumentCache full:https://registry.npmjs.org/cssesc set size:undefined disposed:false
1580 silly fetch manifest braces@^3.0.3
1581 silly packumentCache full:https://registry.npmjs.org/braces cache-miss
1582 http fetch GET 200 https://registry.npmjs.org/global-prefix 132ms (cache miss)
1583 silly packumentCache full:https://registry.npmjs.org/global-prefix set size:undefined disposed:false
1584 silly fetch manifest picomatch@^2.3.1
1585 silly packumentCache full:https://registry.npmjs.org/picomatch cache-miss
1586 http fetch GET 200 https://registry.npmjs.org/@nodelib%2ffs.walk 138ms (cache miss)
1587 silly packumentCache full:https://registry.npmjs.org/@nodelib%2ffs.walk set size:undefined disposed:false
1588 silly fetch manifest emoji-regex@^8.0.0
1589 silly packumentCache full:https://registry.npmjs.org/emoji-regex cache-miss
1590 http fetch GET 200 https://registry.npmjs.org/merge2 114ms (cache miss)
1591 silly packumentCache full:https://registry.npmjs.org/merge2 set size:undefined disposed:false
1592 silly fetch manifest is-fullwidth-code-point@^3.0.0
1593 silly packumentCache full:https://registry.npmjs.org/is-fullwidth-code-point cache-miss
1594 http fetch GET 200 https://registry.npmjs.org/env-paths 149ms (cache miss)
1595 silly packumentCache full:https://registry.npmjs.org/env-paths set size:undefined disposed:false
1596 silly fetch manifest ajv@^8.0.1
1597 silly packumentCache full:https://registry.npmjs.org/ajv cache-miss
1598 http fetch GET 200 https://registry.npmjs.org/parse-json 151ms (cache miss)
1599 silly packumentCache full:https://registry.npmjs.org/parse-json set size:undefined disposed:false
1600 silly fetch manifest slice-ansi@^4.0.0
1601 silly packumentCache full:https://registry.npmjs.org/slice-ansi cache-miss
1602 http fetch GET 200 https://registry.npmjs.org/merge2 152ms (cache miss)
1603 silly packumentCache full:https://registry.npmjs.org/merge2 set size:undefined disposed:false
1604 silly fetch manifest lodash.truncate@^4.4.2
1605 silly packumentCache full:https://registry.npmjs.org/lodash.truncate cache-miss
1606 http fetch GET 200 https://registry.npmjs.org/@nodelib%2ffs.stat 160ms (cache miss)
1607 silly packumentCache full:https://registry.npmjs.org/@nodelib%2ffs.stat set size:undefined disposed:false
1608 silly fetch manifest signal-exit@^4.0.1
1609 silly packumentCache full:https://registry.npmjs.org/signal-exit cache-miss
1610 http fetch GET 200 https://registry.npmjs.org/mdn-data 164ms (cache miss)
1611 silly packumentCache full:https://registry.npmjs.org/mdn-data set size:undefined disposed:false
1612 http cache https://registry.npmjs.org/picomatch 36ms (cache hit)
1613 silly packumentCache full:https://registry.npmjs.org/picomatch set size:134451 disposed:false
1614 http cache https://registry.npmjs.org/signal-exit 15ms (cache hit)
1615 silly packumentCache full:https://registry.npmjs.org/signal-exit set size:53489 disposed:false
1616 http cache https://registry.npmjs.org/ajv 33ms (cache hit)
1617 silly packumentCache full:https://registry.npmjs.org/ajv set size:1142658 disposed:false
1618 http fetch GET 200 https://registry.npmjs.org/array-union 102ms (cache miss)
1619 silly packumentCache full:https://registry.npmjs.org/array-union set size:undefined disposed:false
1620 http fetch GET 200 https://registry.npmjs.org/braces 98ms (cache miss)
1621 silly packumentCache full:https://registry.npmjs.org/braces set size:undefined disposed:false
1622 http fetch GET 200 https://registry.npmjs.org/lodash.truncate 81ms (cache miss)
1623 silly packumentCache full:https://registry.npmjs.org/lodash.truncate set size:undefined disposed:false
1624 http fetch GET 200 https://registry.npmjs.org/slice-ansi 86ms (cache miss)
1625 silly packumentCache full:https://registry.npmjs.org/slice-ansi set size:undefined disposed:false
1626 http fetch GET 200 https://registry.npmjs.org/is-fullwidth-code-point 98ms (cache miss)
1627 silly packumentCache full:https://registry.npmjs.org/is-fullwidth-code-point set size:undefined disposed:false
1628 http fetch GET 200 https://registry.npmjs.org/emoji-regex 104ms (cache miss)
1629 silly packumentCache full:https://registry.npmjs.org/emoji-regex set size:undefined disposed:false
1630 http fetch GET 200 https://registry.npmjs.org/dir-glob 291ms (cache miss)
1631 silly packumentCache full:https://registry.npmjs.org/dir-glob set size:undefined disposed:false
1632 silly placeDep ROOT env-paths@2.2.1 OK for: cosmiconfig@9.0.2 want: ^2.2.1
1633 silly placeDep ROOT parse-json@5.2.0 OK for: cosmiconfig@9.0.2 want: ^5.2.0
1634 silly fetch manifest error-ex@^1.3.1
1635 silly packumentCache full:https://registry.npmjs.org/error-ex cache-miss
1636 silly fetch manifest @babel/code-frame@^7.0.0
1637 silly packumentCache full:https://registry.npmjs.org/@babel%2fcode-frame cache-miss
1638 silly fetch manifest lines-and-columns@^1.1.6
1639 silly packumentCache full:https://registry.npmjs.org/lines-and-columns cache-miss
1640 silly fetch manifest json-parse-even-better-errors@^2.3.0
1641 silly packumentCache full:https://registry.npmjs.org/json-parse-even-better-errors cache-miss
1642 http fetch GET 200 https://registry.npmjs.org/error-ex 61ms (cache miss)
1643 silly packumentCache full:https://registry.npmjs.org/error-ex set size:undefined disposed:false
1644 http fetch GET 200 https://registry.npmjs.org/json-parse-even-better-errors 81ms (cache miss)
1645 silly packumentCache full:https://registry.npmjs.org/json-parse-even-better-errors set size:undefined disposed:false
1646 http fetch GET 200 https://registry.npmjs.org/lines-and-columns 85ms (cache miss)
1647 silly packumentCache full:https://registry.npmjs.org/lines-and-columns set size:undefined disposed:false
1648 http fetch GET 200 https://registry.npmjs.org/@babel%2fcode-frame 89ms (cache miss)
1649 silly packumentCache full:https://registry.npmjs.org/@babel%2fcode-frame set size:undefined disposed:false
1650 silly placeDep ROOT mdn-data@2.27.1 OK for: css-tree@3.2.1 want: 2.27.1
1651 silly placeDep ROOT @nodelib/fs.stat@2.0.5 OK for: fast-glob@3.3.3 want: ^2.0.2
1652 silly placeDep ROOT @nodelib/fs.walk@1.2.8 OK for: fast-glob@3.3.3 want: ^1.2.3
1653 silly placeDep node_modules/fast-glob glob-parent@5.1.2 OK for: fast-glob@3.3.3 want: ^5.1.2
1654 silly placeDep ROOT merge2@1.4.1 OK for: fast-glob@3.3.3 want: ^1.3.0
1655 silly fetch manifest fastq@^1.6.0
1656 silly packumentCache full:https://registry.npmjs.org/fastq cache-miss
1657 silly fetch manifest @nodelib/fs.scandir@2.1.5
1658 silly packumentCache full:https://registry.npmjs.org/@nodelib%2ffs.scandir cache-miss
1659 http fetch GET 200 https://registry.npmjs.org/fastq 66ms (cache miss)
1660 silly packumentCache full:https://registry.npmjs.org/fastq set size:undefined disposed:false
1661 http fetch GET 200 https://registry.npmjs.org/@nodelib%2ffs.scandir 78ms (cache miss)
1662 silly packumentCache full:https://registry.npmjs.org/@nodelib%2ffs.scandir set size:undefined disposed:false
1663 silly placeDep ROOT @nodelib/fs.scandir@2.1.5 OK for: @nodelib/fs.walk@1.2.8 want: 2.1.5
1664 silly placeDep ROOT fastq@1.20.3 OK for: @nodelib/fs.walk@1.2.8 want: ^1.6.0
1665 silly fetch manifest run-parallel@^1.1.9
1666 silly packumentCache full:https://registry.npmjs.org/run-parallel cache-miss
1667 silly fetch manifest reusify@^1.0.4
1668 silly packumentCache full:https://registry.npmjs.org/reusify cache-miss
1669 http fetch GET 200 https://registry.npmjs.org/run-parallel 84ms (cache miss)
1670 silly packumentCache full:https://registry.npmjs.org/run-parallel set size:undefined disposed:false
1671 http fetch GET 200 https://registry.npmjs.org/reusify 88ms (cache miss)
1672 silly packumentCache full:https://registry.npmjs.org/reusify set size:undefined disposed:false
1673 silly placeDep ROOT run-parallel@1.2.0 OK for: @nodelib/fs.scandir@2.1.5 want: ^1.1.9
1674 silly fetch manifest queue-microtask@^1.2.2
1675 silly packumentCache full:https://registry.npmjs.org/queue-microtask cache-miss
1676 http fetch GET 200 https://registry.npmjs.org/queue-microtask 84ms (cache miss)
1677 silly packumentCache full:https://registry.npmjs.org/queue-microtask set size:undefined disposed:false
1678 silly placeDep ROOT reusify@1.1.0 OK for: fastq@1.20.3 want: ^1.0.4
1679 silly placeDep ROOT global-prefix@3.0.0 OK for: global-modules@2.0.0 want: ^3.0.0
1680 silly fetch manifest which@^1.3.1
1681 silly packumentCache full:https://registry.npmjs.org/which cache-miss
1682 silly fetch manifest kind-of@^6.0.2
1683 silly packumentCache full:https://registry.npmjs.org/kind-of cache-miss
1684 http cache https://registry.npmjs.org/which 15ms (cache hit)
1685 silly packumentCache full:https://registry.npmjs.org/which set size:70147 disposed:false
1686 http fetch GET 200 https://registry.npmjs.org/kind-of 91ms (cache miss)
1687 silly packumentCache full:https://registry.npmjs.org/kind-of set size:undefined disposed:false
1688 silly placeDep ROOT kind-of@6.0.3 OK for: global-prefix@3.0.0 want: ^6.0.2
1689 silly placeDep node_modules/global-prefix which@1.3.1 OK for: global-prefix@3.0.0 want: ^1.3.1
1690 silly placeDep ROOT array-union@2.1.0 OK for: globby@11.1.0 want: ^2.1.0
1691 silly placeDep ROOT dir-glob@3.0.1 OK for: globby@11.1.0 want: ^3.0.1
1692 silly placeDep ROOT slash@3.0.0 OK for: globby@11.1.0 want: ^3.0.0
1693 silly fetch manifest path-type@^4.0.0
1694 silly packumentCache full:https://registry.npmjs.org/path-type cache-miss
1695 http fetch GET 200 https://registry.npmjs.org/path-type 75ms (cache miss)
1696 silly packumentCache full:https://registry.npmjs.org/path-type set size:undefined disposed:false
1697 silly placeDep ROOT path-type@4.0.0 OK for: dir-glob@3.0.1 want: ^4.0.0
1698 silly placeDep ROOT braces@3.0.3 OK for: micromatch@4.0.8 want: ^3.0.3
1699 silly placeDep ROOT picomatch@2.3.2 OK for: micromatch@4.0.8 want: ^2.3.1
1700 silly fetch manifest fill-range@^7.1.1
1701 silly packumentCache full:https://registry.npmjs.org/fill-range cache-miss
1702 http fetch GET 200 https://registry.npmjs.org/fill-range 77ms (cache miss)
1703 silly packumentCache full:https://registry.npmjs.org/fill-range set size:undefined disposed:false
1704 silly placeDep ROOT fill-range@7.1.1 OK for: braces@3.0.3 want: ^7.1.1
1705 silly fetch manifest to-regex-range@^5.0.1
1706 silly packumentCache full:https://registry.npmjs.org/to-regex-range cache-miss
1707 http fetch GET 200 https://registry.npmjs.org/to-regex-range 79ms (cache miss)
1708 silly packumentCache full:https://registry.npmjs.org/to-regex-range set size:undefined disposed:false
1709 silly placeDep ROOT to-regex-range@5.0.1 OK for: fill-range@7.1.1 want: ^5.0.1
1710 silly fetch manifest is-number@^7.0.0
1711 silly packumentCache full:https://registry.npmjs.org/is-number cache-miss
1712 http fetch GET 200 https://registry.npmjs.org/is-number 65ms (cache miss)
1713 silly packumentCache full:https://registry.npmjs.org/is-number set size:undefined disposed:false
1714 silly placeDep ROOT @babel/code-frame@7.29.7 OK for: parse-json@5.2.0 want: ^7.0.0
1715 silly placeDep ROOT error-ex@1.3.4 OK for: parse-json@5.2.0 want: ^1.3.1
1716 silly placeDep ROOT json-parse-even-better-errors@2.3.1 OK for: parse-json@5.2.0 want: ^2.3.0
1717 silly placeDep ROOT lines-and-columns@1.2.4 OK for: parse-json@5.2.0 want: ^1.1.6
1718 silly fetch manifest js-tokens@^4.0.0
1719 silly packumentCache full:https://registry.npmjs.org/js-tokens cache-miss
1720 silly fetch manifest is-arrayish@^0.2.1
1721 silly packumentCache full:https://registry.npmjs.org/is-arrayish cache-miss
1722 http fetch GET 200 https://registry.npmjs.org/is-arrayish 75ms (cache miss)
1723 silly packumentCache full:https://registry.npmjs.org/is-arrayish set size:undefined disposed:false
1724 http fetch GET 200 https://registry.npmjs.org/js-tokens 80ms (cache miss)
1725 silly packumentCache full:https://registry.npmjs.org/js-tokens set size:undefined disposed:false
1726 silly placeDep ROOT js-tokens@4.0.0 OK for: @babel/code-frame@7.29.7 want: ^4.0.0
1727 silly placeDep ROOT is-arrayish@0.2.1 OK for: error-ex@1.3.4 want: ^0.2.1
1728 silly placeDep ROOT cssesc@3.0.0 OK for: postcss-selector-parser@7.1.6 want: ^3.0.0
1729 silly placeDep ROOT queue-microtask@1.2.3 OK for: run-parallel@1.2.0 want: ^1.2.2
1730 silly placeDep ROOT emoji-regex@8.0.0 OK for: string-width@4.2.3 want: ^8.0.0
1731 silly placeDep ROOT is-fullwidth-code-point@3.0.0 OK for: string-width@4.2.3 want: ^3.0.0
1732 silly placeDep node_modules/stylus-lookup commander@12.1.0 OK for: stylus-lookup@6.1.2 want: ^12.1.0
1733 silly placeDep ROOT has-flag@4.0.0 OK for: supports-color@7.2.0 want: ^4.0.0
1734 silly placeDep node_modules/table ajv@8.20.0 OK for: table@6.9.0 want: ^8.0.1
1735 silly placeDep ROOT lodash.truncate@4.4.2 OK for: table@6.9.0 want: ^4.4.2
1736 silly placeDep ROOT slice-ansi@4.0.0 OK for: table@6.9.0 want: ^4.0.0
1737 silly fetch manifest fast-uri@^3.0.1
1738 silly packumentCache full:https://registry.npmjs.org/fast-uri cache-miss
1739 silly fetch manifest json-schema-traverse@^1.0.0
1740 silly packumentCache full:https://registry.npmjs.org/json-schema-traverse cache-miss
1741 silly fetch manifest require-from-string@^2.0.2
1742 silly packumentCache full:https://registry.npmjs.org/require-from-string cache-miss
1743 silly fetch manifest astral-regex@^2.0.0
1744 silly packumentCache full:https://registry.npmjs.org/astral-regex cache-miss
1745 http cache https://registry.npmjs.org/json-schema-traverse 15ms (cache hit)
1746 silly packumentCache full:https://registry.npmjs.org/json-schema-traverse set size:23537 disposed:false
1747 http fetch GET 200 https://registry.npmjs.org/astral-regex 69ms (cache miss)
1748 silly packumentCache full:https://registry.npmjs.org/astral-regex set size:undefined disposed:false
1749 http fetch GET 200 https://registry.npmjs.org/require-from-string 77ms (cache miss)
1750 silly packumentCache full:https://registry.npmjs.org/require-from-string set size:undefined disposed:false
1751 http fetch GET 200 https://registry.npmjs.org/fast-uri 86ms (cache miss)
1752 silly packumentCache full:https://registry.npmjs.org/fast-uri set size:undefined disposed:false
1753 silly placeDep ROOT astral-regex@2.0.0 OK for: slice-ansi@4.0.0 want: ^2.0.0
1754 silly placeDep node_modules/tinyglobby fdir@6.5.0 OK for: tinyglobby@0.2.17 want: ^6.5.0
1755 silly placeDep node_modules/tinyglobby picomatch@4.0.7 OK for: fdir@6.5.0 want: ^3 || ^4
1756 silly placeDep ROOT is-number@7.0.0 OK for: to-regex-range@5.0.1 want: ^7.0.0
1757 silly placeDep ROOT @ts-graphviz/adapter@2.0.6 OK for: ts-graphviz@2.1.6 want: ^2.0.6
1758 silly placeDep ROOT @ts-graphviz/ast@2.0.7 OK for: ts-graphviz@2.1.6 want: ^2.0.7
1759 silly placeDep ROOT @ts-graphviz/common@2.1.5 OK for: ts-graphviz@2.1.6 want: ^2.1.5
1760 silly placeDep ROOT @ts-graphviz/core@2.0.7 OK for: ts-graphviz@2.1.6 want: ^2.0.7
1761 silly placeDep ROOT json5@2.2.3 OK for: tsconfig-paths@4.2.0 want: ^2.2.2
1762 silly placeDep ROOT strip-bom@3.0.0 OK for: tsconfig-paths@4.2.0 want: ^3.0.0
1763 silly placeDep ROOT punycode@2.3.1 OK for: uri-js@4.4.1 want: ^2.1.0
1764 silly placeDep ROOT defaults@1.0.4 OK for: wcwidth@1.0.1 want: ^1.0.3
1765 silly fetch manifest clone@^1.0.2
1766 silly packumentCache full:https://registry.npmjs.org/clone cache-miss
1767 http fetch GET 200 https://registry.npmjs.org/clone 76ms (cache miss)
1768 silly packumentCache full:https://registry.npmjs.org/clone set size:undefined disposed:false
1769 silly placeDep ROOT clone@1.0.4 OK for: defaults@1.0.4 want: ^1.0.2
1770 silly placeDep ROOT isexe@2.0.0 OK for: which@2.0.2 want: ^2.0.0
1771 silly placeDep node_modules/write-file-atomic signal-exit@4.1.0 OK for: write-file-atomic@5.0.1 want: ^4.0.1
1772 silly placeDep node_modules/@typescript-eslint/typescript-estree brace-expansion@5.0.12 OK for: minimatch@10.2.6 want: ^5.0.8
1773 silly fetch manifest balanced-match@^4.0.2
1774 silly packumentCache full:https://registry.npmjs.org/balanced-match cache-hit
1775 silly placeDep node_modules/@typescript-eslint/typescript-estree balanced-match@4.0.4 OK for: brace-expansion@5.0.12 want: ^4.0.2
1776 silly placeDep node_modules/glob brace-expansion@5.0.12 OK for: minimatch@10.2.6 want: ^5.0.8
1777 silly placeDep node_modules/glob balanced-match@4.0.4 OK for: brace-expansion@5.0.12 want: ^4.0.2
1778 silly placeDep node_modules/stylelint flat-cache@6.1.23 OK for: file-entry-cache@11.1.5 want: ^6.1.23
1779 silly fetch manifest cacheable@^2.5.0
1780 silly packumentCache full:https://registry.npmjs.org/cacheable cache-miss
1781 silly fetch manifest hookified@^1.15.0
1782 silly packumentCache full:https://registry.npmjs.org/hookified cache-miss
1783 http fetch GET 200 https://registry.npmjs.org/hookified 87ms (cache miss)
1784 silly packumentCache full:https://registry.npmjs.org/hookified set size:undefined disposed:false
1785 http fetch GET 200 https://registry.npmjs.org/cacheable 95ms (cache miss)
1786 silly packumentCache full:https://registry.npmjs.org/cacheable set size:undefined disposed:false
1787 silly placeDep ROOT cacheable@2.5.0 OK for: flat-cache@6.1.23 want: ^2.5.0
1788 silly placeDep ROOT hookified@1.15.1 OK for: flat-cache@6.1.23 want: ^1.15.0
1789 silly fetch manifest keyv@^5.6.0
1790 silly packumentCache full:https://registry.npmjs.org/keyv cache-miss
1791 silly fetch manifest qified@^0.10.1
1792 silly packumentCache full:https://registry.npmjs.org/qified cache-miss
1793 silly fetch manifest @cacheable/utils@^2.5.0
1794 silly packumentCache full:https://registry.npmjs.org/@cacheable%2futils cache-miss
1795 silly fetch manifest @cacheable/memory@^2.2.0
1796 silly packumentCache full:https://registry.npmjs.org/@cacheable%2fmemory cache-miss
1797 http cache https://registry.npmjs.org/keyv 18ms (cache hit)
1798 silly packumentCache full:https://registry.npmjs.org/keyv set size:227033 disposed:false
1799 http fetch GET 200 https://registry.npmjs.org/qified 86ms (cache miss)
1800 silly packumentCache full:https://registry.npmjs.org/qified set size:undefined disposed:false
1801 http fetch GET 200 https://registry.npmjs.org/@cacheable%2futils 92ms (cache miss)
1802 silly packumentCache full:https://registry.npmjs.org/@cacheable%2futils set size:undefined disposed:false
1803 http fetch GET 200 https://registry.npmjs.org/@cacheable%2fmemory 95ms (cache miss)
1804 silly packumentCache full:https://registry.npmjs.org/@cacheable%2fmemory set size:undefined disposed:false
1805 silly placeDep ROOT @cacheable/memory@2.2.0 OK for: cacheable@2.5.0 want: ^2.2.0
1806 silly placeDep ROOT @cacheable/utils@2.5.0 OK for: cacheable@2.5.0 want: ^2.5.0
1807 silly placeDep node_modules/cacheable keyv@5.6.0 OK for: cacheable@2.5.0 want: ^5.6.0
1808 silly placeDep ROOT qified@0.10.1 OK for: cacheable@2.5.0 want: ^0.10.1
1809 silly fetch manifest @keyv/bigmap@^1.3.1
1810 silly packumentCache full:https://registry.npmjs.org/@keyv%2fbigmap cache-miss
1811 silly fetch manifest hashery@^1.5.1
1812 silly packumentCache full:https://registry.npmjs.org/hashery cache-miss
1813 silly fetch manifest @keyv/serialize@^1.1.1
1814 silly packumentCache full:https://registry.npmjs.org/@keyv%2fserialize cache-miss
1815 silly fetch manifest hookified@^2.1.1
1816 silly packumentCache full:https://registry.npmjs.org/hookified cache-miss
1817 http cache https://registry.npmjs.org/hookified 19ms (cache hit)
1818 silly packumentCache full:https://registry.npmjs.org/hookified set size:167463 disposed:false
1819 http fetch GET 200 https://registry.npmjs.org/hashery 78ms (cache miss)
1820 silly packumentCache full:https://registry.npmjs.org/hashery set size:undefined disposed:false
1821 http fetch GET 200 https://registry.npmjs.org/@keyv%2fbigmap 86ms (cache miss)
1822 silly packumentCache full:https://registry.npmjs.org/@keyv%2fbigmap set size:undefined disposed:false
1823 http fetch GET 200 https://registry.npmjs.org/@keyv%2fserialize 95ms (cache miss)
1824 silly packumentCache full:https://registry.npmjs.org/@keyv%2fserialize set size:undefined disposed:false
1825 silly placeDep node_modules/@cacheable/memory @keyv/bigmap@1.3.1 OK for: @cacheable/memory@2.2.0 want: ^1.3.1
1826 silly placeDep node_modules/@cacheable/memory keyv@5.6.0 OK for: @keyv/bigmap@1.3.1 want: ^5.6.0
1827 silly fetch manifest hashery@^1.4.0
1828 silly packumentCache full:https://registry.npmjs.org/hashery cache-miss
1829 http cache https://registry.npmjs.org/hashery 21ms (cache hit)
1830 silly packumentCache full:https://registry.npmjs.org/hashery set size:32683 disposed:false
1831 silly placeDep ROOT hashery@1.5.1 OK for: @cacheable/utils@2.5.0 want: ^1.5.1
1832 silly placeDep node_modules/@cacheable/utils keyv@5.6.0 OK for: @cacheable/utils@2.5.0 want: ^5.6.0
1833 silly placeDep node_modules/qified hookified@2.2.0 OK for: qified@0.10.1 want: ^2.1.1
1834 silly placeDep ROOT @keyv/serialize@1.1.1 OK for: keyv@5.6.0 want: ^1.1.1
1835 silly placeDep ROOT fast-uri@3.1.8 OK for: ajv@8.20.0 want: ^3.0.1
1836 silly placeDep node_modules/table json-schema-traverse@1.0.0 OK for: ajv@8.20.0 want: ^1.0.0
1837 silly placeDep ROOT require-from-string@2.0.2 OK for: ajv@8.20.0 want: ^2.0.2
1838 silly reify moves {}
1839 silly audit bulk request {
1839 silly audit   '@eslint/js': [ '9.39.5' ],
1839 silly audit   esbuild: [ '0.25.12' ],
1839 silly audit   eslint: [ '9.39.5' ],
1839 silly audit   'fs-extra': [ '11.4.1' ],
1839 silly audit   globals: [ '16.5.0', '14.0.0' ],
1839 silly audit   htmlhint: [ '1.9.2' ],
1839 silly audit   madge: [ '8.0.0' ],
1839 silly audit   stylelint: [ '16.26.1' ],
1839 silly audit   'stylelint-config-recommended': [ '17.0.0' ],
1839 silly audit   '@esbuild/aix-ppc64': [ '0.25.12' ],
1839 silly audit   '@esbuild/android-arm': [ '0.25.12' ],
1839 silly audit   '@esbuild/android-arm64': [ '0.25.12' ],
1839 silly audit   '@esbuild/android-x64': [ '0.25.12' ],
1839 silly audit   '@esbuild/darwin-arm64': [ '0.25.12' ],
1839 silly audit   '@esbuild/darwin-x64': [ '0.25.12' ],
1839 silly audit   '@esbuild/freebsd-arm64': [ '0.25.12' ],
1839 silly audit   '@esbuild/freebsd-x64': [ '0.25.12' ],
1839 silly audit   '@esbuild/linux-arm': [ '0.25.12' ],
1839 silly audit   '@esbuild/linux-arm64': [ '0.25.12' ],
1839 silly audit   '@esbuild/linux-ia32': [ '0.25.12' ],
1839 silly audit   '@esbuild/linux-loong64': [ '0.25.12' ],
1839 silly audit   '@esbuild/linux-mips64el': [ '0.25.12' ],
1839 silly audit   '@esbuild/linux-ppc64': [ '0.25.12' ],
1839 silly audit   '@esbuild/linux-riscv64': [ '0.25.12' ],
1839 silly audit   '@esbuild/linux-s390x': [ '0.25.12' ],
1839 silly audit   '@esbuild/linux-x64': [ '0.25.12' ],
1839 silly audit   '@esbuild/netbsd-arm64': [ '0.25.12' ],
1839 silly audit   '@esbuild/netbsd-x64': [ '0.25.12' ],
1839 silly audit   '@esbuild/openbsd-arm64': [ '0.25.12' ],
1839 silly audit   '@esbuild/openbsd-x64': [ '0.25.12' ],
1839 silly audit   '@esbuild/openharmony-arm64': [ '0.25.12' ],
1839 silly audit   '@esbuild/sunos-x64': [ '0.25.12' ],
1839 silly audit   '@esbuild/win32-arm64': [ '0.25.12' ],
1839 silly audit   '@esbuild/win32-ia32': [ '0.25.12' ],
1839 silly audit   '@esbuild/win32-x64': [ '0.25.12' ],
1839 silly audit   '@eslint-community/eslint-utils': [ '4.10.1' ],
1839 silly audit   '@eslint-community/regexpp': [ '4.12.2' ],
1839 silly audit   '@eslint/config-array': [ '0.21.2' ],
1839 silly audit   '@eslint/config-helpers': [ '0.4.2' ],
1839 silly audit   '@eslint/core': [ '0.17.0' ],
1839 silly audit   '@eslint/eslintrc': [ '3.3.7' ],
1839 silly audit   '@eslint/plugin-kit': [ '0.4.1' ],
1839 silly audit   '@humanfs/node': [ '0.16.8' ],
1839 silly audit   '@humanwhocodes/module-importer': [ '1.0.1' ],
1839 silly audit   '@humanwhocodes/retry': [ '0.4.3' ],
1839 silly audit   '@types/estree': [ '1.0.9' ],
1839 silly audit   ajv: [ '6.15.0', '8.20.0' ],
1839 silly audit   chalk: [ '4.1.2' ],
1839 silly audit   'cross-spawn': [ '7.0.6' ],
1839 silly audit   debug: [ '4.4.3' ],
1839 silly audit   'escape-string-regexp': [ '4.0.0' ],
1839 silly audit   'eslint-scope': [ '8.4.0' ],
1839 silly audit   'eslint-visitor-keys': [ '4.2.1', '3.4.3', '5.0.1' ],
1839 silly audit   espree: [ '10.4.0' ],
1839 silly audit   esquery: [ '1.7.0' ],
1839 silly audit   esutils: [ '2.0.3' ],
1839 silly audit   'fast-deep-equal': [ '3.1.3' ],
1839 silly audit   'file-entry-cache': [ '8.0.0', '11.1.5' ],
1839 silly audit   'find-up': [ '5.0.0' ],
1839 silly audit   'glob-parent': [ '6.0.2', '5.1.2' ],
1839 silly audit   ignore: [ '5.3.2', '7.0.10' ],
1839 silly audit   imurmurhash: [ '0.1.4' ],
1839 silly audit   'is-glob': [ '4.0.3' ],
1839 silly audit   'json-stable-stringify-without-jsonify': [ '1.0.1' ],
1839 silly audit   'lodash.merge': [ '4.6.2' ],
1839 silly audit   minimatch: [ '3.1.5', '10.2.6' ],
1839 silly audit   'natural-compare': [ '1.4.0' ],
1839 silly audit   optionator: [ '0.9.4' ],
1839 silly audit   '@eslint/object-schema': [ '2.1.7' ],
1839 silly audit   '@types/json-schema': [ '7.0.15' ],
1839 silly audit   'import-fresh': [ '3.3.1' ],
1839 silly audit   'js-yaml': [ '4.3.2' ],
1839 silly audit   'strip-json-comments': [ '3.1.1', '2.0.1' ],
1839 silly audit   levn: [ '0.4.1' ],
1839 silly audit   '@humanfs/core': [ '0.19.2' ],
1839 silly audit   '@humanfs/types': [ '0.15.0' ],
1839 silly audit   'fast-json-stable-stringify': [ '2.1.0' ],
1839 silly audit   'json-schema-traverse': [ '0.4.1', '1.0.0' ],
1839 silly audit   'uri-js': [ '4.4.1' ],
1839 silly audit   'ansi-styles': [ '4.3.0' ],
1839 silly audit   'supports-color': [ '7.2.0' ],
1839 silly audit   'color-convert': [ '2.0.1' ],
1839 silly audit   'color-name': [ '1.1.4' ],
1839 silly audit   'path-key': [ '3.1.1' ],
1839 silly audit   'shebang-command': [ '2.0.0' ],
1839 silly audit   which: [ '2.0.2', '1.3.1' ],
1839 silly audit   ms: [ '2.1.3' ],
1839 silly audit   esrecurse: [ '4.3.0' ],
1839 silly audit   estraverse: [ '5.3.0' ],
1839 silly audit   acorn: [ '8.18.0' ],
1839 silly audit   'acorn-jsx': [ '5.3.2' ],
1839 silly audit   'flat-cache': [ '4.0.1', '6.1.23' ],
1839 silly audit   'locate-path': [ '6.0.0' ],
1839 silly audit   'path-exists': [ '4.0.0' ],
1839 silly audit   flatted: [ '3.4.4' ],
1839 silly audit   keyv: [ '4.5.4', '5.6.0' ],
1839 silly audit   'graceful-fs': [ '4.2.11' ],
1839 silly audit   jsonfile: [ '6.2.1' ],
1839 silly audit   universalify: [ '2.0.1' ],
1839 silly audit   async: [ '3.2.6' ],
1839 silly audit   commander: [ '11.1.0', '7.2.0', '12.1.0' ],
1839 silly audit   glob: [ '13.0.6' ],
1839 silly audit   'node-sarif-builder': [ '3.2.0' ],
1839 silly audit   xml: [ '1.0.1' ],
1839 silly audit   minipass: [ '7.1.3' ],
1839 silly audit   'path-scurry': [ '2.0.2' ],
1839 silly audit   'parent-module': [ '1.0.1' ],
1839 silly audit   'resolve-from': [ '4.0.0', '5.0.0' ],
1839 silly audit   'is-extglob': [ '2.1.1' ],
1839 silly audit   argparse: [ '2.0.1' ],
1839 silly audit   'json-buffer': [ '3.0.1' ],
1839 silly audit   'prelude-ls': [ '1.2.1' ],
1839 silly audit   'type-check': [ '0.4.0' ],
1839 silly audit   'p-locate': [ '5.0.0' ],
1839 silly audit   commondir: [ '1.0.1' ],
1839 silly audit   'dependency-tree': [ '11.5.0' ],
1839 silly audit   ora: [ '5.4.1' ],
1839 silly audit   pluralize: [ '8.0.0' ],
1839 silly audit   'pretty-ms': [ '7.0.1' ],
1839 silly audit   rc: [ '1.2.8' ],
1839 silly audit   'stream-to-array': [ '2.3.0' ],
1839 silly audit   'ts-graphviz': [ '2.1.6' ],
1839 silly audit   walkdir: [ '0.4.1' ],
1839 silly audit   '@discoveryjs/json-ext': [ '1.1.0' ],
1839 silly audit   'filing-cabinet': [ '5.5.1' ],
1839 silly audit   precinct: [ '12.3.2' ],
1839 silly audit   typescript: [ '5.9.3' ],
1839 silly audit   'app-module-path': [ '2.2.0' ],
1839 silly audit   'enhanced-resolve': [ '5.26.0' ],
1839 silly audit   'module-definition': [ '6.0.2' ],
1839 silly audit   'module-lookup-amd': [ '9.1.3' ],
1839 silly audit   resolve: [ '1.22.12' ],
1839 silly audit   'resolve-dependency-path': [ '4.0.1' ],
1839 silly audit   'sass-lookup': [ '6.1.2' ],
1839 silly audit   'stylus-lookup': [ '6.1.2' ],
1839 silly audit   'tsconfig-paths': [ '4.2.0' ],
1839 silly audit   tapable: [ '2.3.3' ],
1839 silly audit   'brace-expansion': [ '1.1.21', '5.0.12' ],
1839 silly audit   'balanced-match': [ '1.0.2', '2.0.0', '4.0.4' ],
1839 silly audit   'concat-map': [ '0.0.1' ],
1839 silly audit   'ast-module-types': [ '6.0.2' ],
1839 silly audit   'node-source-walk': [ '7.0.2' ],
1839 silly audit   requirejs: [ '2.3.8' ],
1839 silly audit   'requirejs-config-file': [ '4.0.0' ],
1839 silly audit   '@types/sarif': [ '2.1.7' ],
1839 silly audit   '@babel/parser': [ '7.29.9' ],
1839 silly audit   '@babel/types': [ '7.29.8' ],
1839 silly audit   '@babel/helper-string-parser': [ '7.29.7' ],
1839 silly audit   '@babel/helper-validator-identifier': [ '7.29.7' ],
1839 silly audit   'deep-is': [ '0.1.4' ],
1839 silly audit   'fast-levenshtein': [ '2.0.6' ],
1839 silly audit   'word-wrap': [ '1.2.5' ],
1839 silly audit   bl: [ '4.1.0' ],
1839 silly audit   'cli-cursor': [ '3.1.0' ],
1839 silly audit   'cli-spinners': [ '2.9.2' ],
1839 silly audit   'is-interactive': [ '1.0.0' ],
1839 silly audit   'is-unicode-supported': [ '0.1.0' ],
1839 silly audit   'log-symbols': [ '4.1.0' ],
1839 silly audit   'strip-ansi': [ '6.0.1' ],
1839 silly audit   wcwidth: [ '1.0.1' ],
1839 silly audit   buffer: [ '5.7.1' ],
1839 silly audit   inherits: [ '2.0.4' ],
1839 silly audit   'readable-stream': [ '3.6.2' ],
1839 silly audit   'base64-js': [ '1.5.1' ],
1839 silly audit   ieee754: [ '1.2.1' ],
1839 silly audit   'restore-cursor': [ '3.1.0' ],
1839 silly audit   'p-limit': [ '3.1.0' ],
1839 silly audit   'yocto-queue': [ '0.1.0' ],
1839 silly audit   callsites: [ '3.1.0' ],
1839 silly audit   'lru-cache': [ '11.5.3' ],
1839 silly audit   '@dependents/detective-less': [ '5.0.3' ],
1839 silly audit   'detective-amd': [ '6.1.0' ],
1839 silly audit   'detective-cjs': [ '6.1.1' ],
1839 silly audit   'detective-es6': [ '5.0.2' ],
1839 silly audit   'detective-postcss': [ '8.0.4' ],
1839 silly audit   postcss: [ '8.5.28' ],
1839 silly audit   'detective-sass': [ '6.0.2' ],
1839 silly audit   'detective-scss': [ '5.0.2' ],
1839 silly audit   'detective-stylus': [ '5.0.1' ],
1839 silly audit   'detective-typescript': [ '14.1.2' ],
1839 silly audit   'detective-vue2': [ '2.3.0' ],
1839 silly audit   'gonzales-pe': [ '4.3.0' ],
1839 silly audit   escodegen: [ '2.1.0' ],
1839 silly audit   'get-amd-module-type': [ '6.0.2' ],
1839 silly audit   'is-url-superb': [ '4.0.0' ],
1839 silly audit   'postcss-values-parser': [ '6.0.2' ],
1839 silly audit   '@typescript-eslint/typescript-estree': [ '8.71.0' ],
1839 silly audit   '@typescript-eslint/project-service': [ '8.71.0' ],
1839 silly audit   '@typescript-eslint/tsconfig-utils': [ '8.71.0' ],
1839 silly audit   '@typescript-eslint/types': [ '8.71.0' ],
1839 silly audit   '@typescript-eslint/visitor-keys': [ '8.71.0' ],
1839 silly audit   semver: [ '7.8.5' ],
1839 silly audit   tinyglobby: [ '0.2.17' ],
1839 silly audit   'ts-api-utils': [ '2.5.0' ],
1839 silly audit   '@vue/compiler-sfc': [ '3.5.43' ],
1839 silly audit   '@vue/compiler-core': [ '3.5.43' ],
1839 silly audit   '@vue/compiler-dom': [ '3.5.43' ],
1839 silly audit   '@vue/compiler-ssr': [ '3.5.43' ],
1839 silly audit   '@vue/shared': [ '3.5.43' ],
1839 silly audit   'estree-walker': [ '2.0.2' ],
1839 silly audit   'magic-string': [ '0.30.21' ],
1839 silly audit   'source-map-js': [ '1.2.1' ],
1839 silly audit   entities: [ '7.0.1' ],
1839 silly audit   esprima: [ '4.0.1' ],
1839 silly audit   'source-map': [ '0.6.1' ],
1839 silly audit   minimist: [ '1.2.8' ],
1839 silly audit   '@jridgewell/sourcemap-codec': [ '1.6.0' ],
1839 silly audit   nanoid: [ '3.3.19' ],
1839 silly audit   picocolors: [ '1.1.1' ],
1839 silly audit   'quote-unquote': [ '1.0.0' ],
1839 silly audit   'parse-ms': [ '2.1.0' ],
1839 silly audit   'deep-extend': [ '0.6.0' ],
1839 silly audit   ini: [ '1.3.8' ],
1839 silly audit   string_decoder: [ '1.3.0' ],
1839 silly audit   'util-deprecate': [ '1.0.2' ],
1839 silly audit   'stringify-object': [ '3.3.0' ],
1839 silly audit   'es-errors': [ '1.3.0' ],
1839 silly audit   'is-core-module': [ '2.17.0' ],
1839 silly audit   'path-parse': [ '1.0.7' ],
1839 silly audit   'supports-preserve-symlinks-flag': [ '1.0.0' ],
1839 silly audit   hasown: [ '2.0.4' ],
1839 silly audit   'function-bind': [ '1.1.2' ],
1839 silly audit   onetime: [ '5.1.2' ],
1839 silly audit   'signal-exit': [ '3.0.7', '4.1.0' ],
1839 silly audit   'mimic-fn': [ '2.1.0' ],
1839 silly audit   'shebang-regex': [ '3.0.0' ],
1839 silly audit   'any-promise': [ '1.3.0' ],
1839 silly audit   'safe-buffer': [ '5.2.1' ],
1839 silly audit   'get-own-enumerable-property-symbols': [ '3.0.2' ],
1839 silly audit   'is-obj': [ '1.0.1' ],
1839 silly audit   'is-regexp': [ '1.0.0' ],
1839 silly audit   'ansi-regex': [ '5.0.1' ],
1839 silly audit   '@csstools/css-parser-algorithms': [ '3.0.5' ],
1839 silly audit   '@csstools/css-tokenizer': [ '3.0.4' ],
1839 silly audit   '@csstools/css-syntax-patches-for-csstree': [ '1.1.14' ],
1839 silly audit   '@csstools/media-query-list-parser': [ '4.0.3' ],
1839 silly audit   '@csstools/selector-specificity': [ '5.0.0' ],
1839 silly audit   'postcss-selector-parser': [ '7.1.6' ],
1839 silly audit   '@dual-bundle/import-meta-resolve': [ '4.2.1' ],
1839 silly audit   colord: [ '2.10.0' ],
1839 silly audit   cosmiconfig: [ '9.0.2' ],
1839 silly audit   'css-functions-list': [ '3.3.3' ],
1839 silly audit   'css-tree': [ '3.2.1' ],
1839 silly audit   'fast-glob': [ '3.3.3' ],
1839 silly audit   'fastest-levenshtein': [ '1.0.16' ],
1839 silly audit   'global-modules': [ '2.0.0' ],
1839 silly audit   globby: [ '11.1.0' ],
1839 silly audit   globjoin: [ '0.1.4' ],
1839 silly audit   'html-tags': [ '3.3.1' ],
1839 silly audit   'is-plain-object': [ '5.1.0' ],
1839 silly audit   'known-css-properties': [ '0.37.0' ],
1839 silly audit   'mathml-tag-names': [ '2.1.3' ],
1839 silly audit   meow: [ '13.2.0' ],
1839 silly audit   micromatch: [ '4.0.8' ],
1839 silly audit   'normalize-path': [ '3.0.0' ],
1839 silly audit   'postcss-resolve-nested-selector': [ '0.1.6' ],
1839 silly audit   'postcss-safe-parser': [ '7.1.0' ],
1839 silly audit   'postcss-value-parser': [ '4.2.0' ],
1839 silly audit   'string-width': [ '4.2.3' ],
1839 silly audit   'supports-hyperlinks': [ '3.2.0' ],
1839 silly audit   'svg-tags': [ '1.0.0' ],
1839 silly audit   table: [ '6.9.0' ],
1839 silly audit   'write-file-atomic': [ '5.0.1' ],
1839 silly audit   'env-paths': [ '2.2.1' ],
1839 silly audit   'parse-json': [ '5.2.0' ],
1839 silly audit   'mdn-data': [ '2.27.1' ],
1839 silly audit   '@nodelib/fs.stat': [ '2.0.5' ],
1839 silly audit   '@nodelib/fs.walk': [ '1.2.8' ],
1839 silly audit   merge2: [ '1.4.1' ],
1839 silly audit   '@nodelib/fs.scandir': [ '2.1.5' ],
1839 silly audit   fastq: [ '1.20.3' ],
1839 silly audit   'run-parallel': [ '1.2.0' ],
1839 silly audit   reusify: [ '1.1.0' ],
1839 silly audit   'global-prefix': [ '3.0.0' ],
1839 silly audit   'kind-of': [ '6.0.3' ],
1839 silly audit   'array-union': [ '2.1.0' ],
1839 silly audit   'dir-glob': [ '3.0.1' ],
1839 silly audit   slash: [ '3.0.0' ],
1839 silly audit   'path-type': [ '4.0.0' ],
1839 silly audit   braces: [ '3.0.3' ],
1839 silly audit   picomatch: [ '2.3.2', '4.0.7' ],
1839 silly audit   'fill-range': [ '7.1.1' ],
1839 silly audit   'to-regex-range': [ '5.0.1' ],
1839 silly audit   '@babel/code-frame': [ '7.29.7' ],
1839 silly audit   'error-ex': [ '1.3.4' ],
1839 silly audit   'json-parse-even-better-errors': [ '2.3.1' ],
1839 silly audit   'lines-and-columns': [ '1.2.4' ],
1839 silly audit   'js-tokens': [ '4.0.0' ],
1839 silly audit   'is-arrayish': [ '0.2.1' ],
1839 silly audit   cssesc: [ '3.0.0' ],
1839 silly audit   'queue-microtask': [ '1.2.3' ],
1839 silly audit   'emoji-regex': [ '8.0.0' ],
1839 silly audit   'is-fullwidth-code-point': [ '3.0.0' ],
1839 silly audit   'has-flag': [ '4.0.0' ],
1839 silly audit   'lodash.truncate': [ '4.4.2' ],
1839 silly audit   'slice-ansi': [ '4.0.0' ],
1839 silly audit   'astral-regex': [ '2.0.0' ],
1839 silly audit   fdir: [ '6.5.0' ],
1839 silly audit   'is-number': [ '7.0.0' ],
1839 silly audit   '@ts-graphviz/adapter': [ '2.0.6' ],
1839 silly audit   '@ts-graphviz/ast': [ '2.0.7' ],
1839 silly audit   '@ts-graphviz/common': [ '2.1.5' ],
1839 silly audit   '@ts-graphviz/core': [ '2.0.7' ],
1839 silly audit   json5: [ '2.2.3' ],
1839 silly audit   'strip-bom': [ '3.0.0' ],
1839 silly audit   punycode: [ '2.3.1' ],
1839 silly audit   defaults: [ '1.0.4' ],
1839 silly audit   clone: [ '1.0.4' ],
1839 silly audit   isexe: [ '2.0.0' ],
1839 silly audit   cacheable: [ '2.5.0' ],
1839 silly audit   hookified: [ '1.15.1', '2.2.0' ],
1839 silly audit   '@cacheable/memory': [ '2.2.0' ],
1839 silly audit   '@cacheable/utils': [ '2.5.0' ],
1839 silly audit   qified: [ '0.10.1' ],
1839 silly audit   '@keyv/bigmap': [ '1.3.1' ],
1839 silly audit   hashery: [ '1.5.1' ],
1839 silly audit   '@keyv/serialize': [ '1.1.1' ],
1839 silly audit   'fast-uri': [ '3.1.8' ],
1839 silly audit   'require-from-string': [ '2.0.2' ]
1839 silly audit }
1840 http cache @keyv/serialize@https://registry.npmjs.org/@keyv/serialize/-/serialize-1.1.1.tgz 0ms (cache hit)
1841 http cache require-from-string@https://registry.npmjs.org/require-from-string/-/require-from-string-2.0.2.tgz 0ms (cache hit)
1842 http cache fast-uri@https://registry.npmjs.org/fast-uri/-/fast-uri-3.1.8.tgz 0ms (cache hit)
1843 http cache qified@https://registry.npmjs.org/qified/-/qified-0.10.1.tgz 0ms (cache hit)
1844 http cache @cacheable/utils@https://registry.npmjs.org/@cacheable/utils/-/utils-2.5.0.tgz 0ms (cache hit)
1845 http cache hashery@https://registry.npmjs.org/hashery/-/hashery-1.5.1.tgz 0ms (cache hit)
1846 http cache @cacheable/memory@https://registry.npmjs.org/@cacheable/memory/-/memory-2.2.0.tgz 0ms (cache hit)
1847 http cache cacheable@https://registry.npmjs.org/cacheable/-/cacheable-2.5.0.tgz 0ms (cache hit)
1848 http cache hookified@https://registry.npmjs.org/hookified/-/hookified-1.15.1.tgz 0ms (cache hit)
1849 http cache defaults@https://registry.npmjs.org/defaults/-/defaults-1.0.4.tgz 0ms (cache hit)
1850 http cache clone@https://registry.npmjs.org/clone/-/clone-1.0.4.tgz 0ms (cache hit)
1851 http cache punycode@https://registry.npmjs.org/punycode/-/punycode-2.3.1.tgz 0ms (cache hit)
1852 http cache strip-bom@https://registry.npmjs.org/strip-bom/-/strip-bom-3.0.0.tgz 0ms (cache hit)
1853 http cache @ts-graphviz/common@https://registry.npmjs.org/@ts-graphviz/common/-/common-2.1.5.tgz 0ms (cache hit)
1854 http cache @ts-graphviz/core@https://registry.npmjs.org/@ts-graphviz/core/-/core-2.0.7.tgz 0ms (cache hit)
1855 http cache json5@https://registry.npmjs.org/json5/-/json5-2.2.3.tgz 0ms (cache hit)
1856 http cache isexe@https://registry.npmjs.org/isexe/-/isexe-2.0.0.tgz 0ms (cache hit)
1857 http cache @ts-graphviz/ast@https://registry.npmjs.org/@ts-graphviz/ast/-/ast-2.0.7.tgz 0ms (cache hit)
1858 http cache @ts-graphviz/adapter@https://registry.npmjs.org/@ts-graphviz/adapter/-/adapter-2.0.6.tgz 0ms (cache hit)
1859 http cache astral-regex@https://registry.npmjs.org/astral-regex/-/astral-regex-2.0.0.tgz 0ms (cache hit)
1860 http cache lodash.truncate@https://registry.npmjs.org/lodash.truncate/-/lodash.truncate-4.4.2.tgz 0ms (cache hit)
1861 http cache is-number@https://registry.npmjs.org/is-number/-/is-number-7.0.0.tgz 0ms (cache hit)
1862 http cache slice-ansi@https://registry.npmjs.org/slice-ansi/-/slice-ansi-4.0.0.tgz 0ms (cache hit)
1863 http cache is-fullwidth-code-point@https://registry.npmjs.org/is-fullwidth-code-point/-/is-fullwidth-code-point-3.0.0.tgz 0ms (cache hit)
1864 http cache emoji-regex@https://registry.npmjs.org/emoji-regex/-/emoji-regex-8.0.0.tgz 0ms (cache hit)
1865 http cache js-tokens@https://registry.npmjs.org/js-tokens/-/js-tokens-4.0.0.tgz 0ms (cache hit)
1866 http cache queue-microtask@https://registry.npmjs.org/queue-microtask/-/queue-microtask-1.2.3.tgz 0ms (cache hit)
1867 http cache cssesc@https://registry.npmjs.org/cssesc/-/cssesc-3.0.0.tgz 0ms (cache hit)
1868 http cache is-arrayish@https://registry.npmjs.org/is-arrayish/-/is-arrayish-0.2.1.tgz 0ms (cache hit)
1869 http cache json-parse-even-better-errors@https://registry.npmjs.org/json-parse-even-better-errors/-/json-parse-even-better-errors-2.3.1.tgz 0ms (cache hit)
1870 http cache error-ex@https://registry.npmjs.org/error-ex/-/error-ex-1.3.4.tgz 0ms (cache hit)
1871 http cache lines-and-columns@https://registry.npmjs.org/lines-and-columns/-/lines-and-columns-1.2.4.tgz 0ms (cache hit)
1872 http cache @babel/code-frame@https://registry.npmjs.org/@babel/code-frame/-/code-frame-7.29.7.tgz 0ms (cache hit)
1873 http cache to-regex-range@https://registry.npmjs.org/to-regex-range/-/to-regex-range-5.0.1.tgz 0ms (cache hit)
1874 http cache picomatch@https://registry.npmjs.org/picomatch/-/picomatch-2.3.2.tgz 0ms (cache hit)
1875 http cache braces@https://registry.npmjs.org/braces/-/braces-3.0.3.tgz 0ms (cache hit)
1876 http cache path-type@https://registry.npmjs.org/path-type/-/path-type-4.0.0.tgz 0ms (cache hit)
1877 http cache array-union@https://registry.npmjs.org/array-union/-/array-union-2.1.0.tgz 0ms (cache hit)
1878 http cache dir-glob@https://registry.npmjs.org/dir-glob/-/dir-glob-3.0.1.tgz 0ms (cache hit)
1879 http cache kind-of@https://registry.npmjs.org/kind-of/-/kind-of-6.0.3.tgz 0ms (cache hit)
1880 http cache fill-range@https://registry.npmjs.org/fill-range/-/fill-range-7.1.1.tgz 0ms (cache hit)
1881 http cache slash@https://registry.npmjs.org/slash/-/slash-3.0.0.tgz 0ms (cache hit)
1882 http cache @nodelib/fs.scandir@https://registry.npmjs.org/@nodelib/fs.scandir/-/fs.scandir-2.1.5.tgz 0ms (cache hit)
1883 http cache global-prefix@https://registry.npmjs.org/global-prefix/-/global-prefix-3.0.0.tgz 0ms (cache hit)
1884 http cache @nodelib/fs.walk@https://registry.npmjs.org/@nodelib/fs.walk/-/fs.walk-1.2.8.tgz 0ms (cache hit)
1885 http cache merge2@https://registry.npmjs.org/merge2/-/merge2-1.4.1.tgz 0ms (cache hit)
1886 http cache reusify@https://registry.npmjs.org/reusify/-/reusify-1.1.0.tgz 0ms (cache hit)
1887 http cache @nodelib/fs.stat@https://registry.npmjs.org/@nodelib/fs.stat/-/fs.stat-2.0.5.tgz 0ms (cache hit)
1888 http cache run-parallel@https://registry.npmjs.org/run-parallel/-/run-parallel-1.2.0.tgz 0ms (cache hit)
1889 http cache mdn-data@https://registry.npmjs.org/mdn-data/-/mdn-data-2.27.1.tgz 0ms (cache hit)
1890 http cache fastq@https://registry.npmjs.org/fastq/-/fastq-1.20.3.tgz 0ms (cache hit)
1891 http cache parse-json@https://registry.npmjs.org/parse-json/-/parse-json-5.2.0.tgz 0ms (cache hit)
1892 http cache supports-hyperlinks@https://registry.npmjs.org/supports-hyperlinks/-/supports-hyperlinks-3.2.0.tgz 0ms (cache hit)
1893 http cache svg-tags@https://registry.npmjs.org/svg-tags/-/svg-tags-1.0.0.tgz 0ms (cache hit)
1894 http cache has-flag@https://registry.npmjs.org/has-flag/-/has-flag-4.0.0.tgz 0ms (cache hit)
1895 http cache env-paths@https://registry.npmjs.org/env-paths/-/env-paths-2.2.1.tgz 0ms (cache hit)
1896 http cache postcss-value-parser@https://registry.npmjs.org/postcss-value-parser/-/postcss-value-parser-4.2.0.tgz 0ms (cache hit)
1897 http cache table@https://registry.npmjs.org/table/-/table-6.9.0.tgz 0ms (cache hit)
1898 http cache write-file-atomic@https://registry.npmjs.org/write-file-atomic/-/write-file-atomic-5.0.1.tgz 0ms (cache hit)
1899 http cache string-width@https://registry.npmjs.org/string-width/-/string-width-4.2.3.tgz 0ms (cache hit)
1900 http cache postcss-resolve-nested-selector@https://registry.npmjs.org/postcss-resolve-nested-selector/-/postcss-resolve-nested-selector-0.1.6.tgz 0ms (cache hit)
1901 http cache postcss-safe-parser@https://registry.npmjs.org/postcss-safe-parser/-/postcss-safe-parser-7.1.0.tgz 0ms (cache hit)
1902 http cache mathml-tag-names@https://registry.npmjs.org/mathml-tag-names/-/mathml-tag-names-2.1.3.tgz 0ms (cache hit)
1903 http cache is-plain-object@https://registry.npmjs.org/is-plain-object/-/is-plain-object-5.1.0.tgz 0ms (cache hit)
1904 http cache meow@https://registry.npmjs.org/meow/-/meow-13.2.0.tgz 1ms (cache hit)
1905 http cache html-tags@https://registry.npmjs.org/html-tags/-/html-tags-3.3.1.tgz 0ms (cache hit)
1906 http cache normalize-path@https://registry.npmjs.org/normalize-path/-/normalize-path-3.0.0.tgz 0ms (cache hit)
1907 http cache known-css-properties@https://registry.npmjs.org/known-css-properties/-/known-css-properties-0.37.0.tgz 0ms (cache hit)
1908 http cache globjoin@https://registry.npmjs.org/globjoin/-/globjoin-0.1.4.tgz 0ms (cache hit)
1909 http cache micromatch@https://registry.npmjs.org/micromatch/-/micromatch-4.0.8.tgz 0ms (cache hit)
1910 http cache global-modules@https://registry.npmjs.org/global-modules/-/global-modules-2.0.0.tgz 0ms (cache hit)
1911 http cache globby@https://registry.npmjs.org/globby/-/globby-11.1.0.tgz 0ms (cache hit)
1912 http cache css-functions-list@https://registry.npmjs.org/css-functions-list/-/css-functions-list-3.3.3.tgz 0ms (cache hit)
1913 http cache fast-glob@https://registry.npmjs.org/fast-glob/-/fast-glob-3.3.3.tgz 0ms (cache hit)
1914 http cache fastest-levenshtein@https://registry.npmjs.org/fastest-levenshtein/-/fastest-levenshtein-1.0.16.tgz 0ms (cache hit)
1915 http cache @dual-bundle/import-meta-resolve@https://registry.npmjs.org/@dual-bundle/import-meta-resolve/-/import-meta-resolve-4.2.1.tgz 0ms (cache hit)
1916 http cache colord@https://registry.npmjs.org/colord/-/colord-2.10.0.tgz 0ms (cache hit)
1917 http cache css-tree@https://registry.npmjs.org/css-tree/-/css-tree-3.2.1.tgz 0ms (cache hit)
1918 http cache cosmiconfig@https://registry.npmjs.org/cosmiconfig/-/cosmiconfig-9.0.2.tgz 0ms (cache hit)
1919 http cache @csstools/media-query-list-parser@https://registry.npmjs.org/@csstools/media-query-list-parser/-/media-query-list-parser-4.0.3.tgz 0ms (cache hit)
1920 http cache ansi-regex@https://registry.npmjs.org/ansi-regex/-/ansi-regex-5.0.1.tgz 0ms (cache hit)
1921 http cache postcss-selector-parser@https://registry.npmjs.org/postcss-selector-parser/-/postcss-selector-parser-7.1.6.tgz 0ms (cache hit)
1922 http cache @csstools/css-syntax-patches-for-csstree@https://registry.npmjs.org/@csstools/css-syntax-patches-for-csstree/-/css-syntax-patches-for-csstree-1.1.14.tgz 0ms (cache hit)
1923 http cache @csstools/selector-specificity@https://registry.npmjs.org/@csstools/selector-specificity/-/selector-specificity-5.0.0.tgz 0ms (cache hit)
1924 http cache is-regexp@https://registry.npmjs.org/is-regexp/-/is-regexp-1.0.0.tgz 0ms (cache hit)
1925 http cache @csstools/css-parser-algorithms@https://registry.npmjs.org/@csstools/css-parser-algorithms/-/css-parser-algorithms-3.0.5.tgz 0ms (cache hit)
1926 http cache @csstools/css-tokenizer@https://registry.npmjs.org/@csstools/css-tokenizer/-/css-tokenizer-3.0.4.tgz 0ms (cache hit)
1927 http cache is-obj@https://registry.npmjs.org/is-obj/-/is-obj-1.0.1.tgz 0ms (cache hit)
1928 http cache safe-buffer@https://registry.npmjs.org/safe-buffer/-/safe-buffer-5.2.1.tgz 0ms (cache hit)
1929 http cache any-promise@https://registry.npmjs.org/any-promise/-/any-promise-1.3.0.tgz 0ms (cache hit)
1930 http cache shebang-regex@https://registry.npmjs.org/shebang-regex/-/shebang-regex-3.0.0.tgz 0ms (cache hit)
1931 http cache mimic-fn@https://registry.npmjs.org/mimic-fn/-/mimic-fn-2.1.0.tgz 0ms (cache hit)
1932 http cache get-own-enumerable-property-symbols@https://registry.npmjs.org/get-own-enumerable-property-symbols/-/get-own-enumerable-property-symbols-3.0.2.tgz 0ms (cache hit)
1933 http cache signal-exit@https://registry.npmjs.org/signal-exit/-/signal-exit-3.0.7.tgz 0ms (cache hit)
1934 http cache function-bind@https://registry.npmjs.org/function-bind/-/function-bind-1.1.2.tgz 0ms (cache hit)
1935 http cache onetime@https://registry.npmjs.org/onetime/-/onetime-5.1.2.tgz 0ms (cache hit)
1936 http cache hasown@https://registry.npmjs.org/hasown/-/hasown-2.0.4.tgz 0ms (cache hit)
1937 http cache es-errors@https://registry.npmjs.org/es-errors/-/es-errors-1.3.0.tgz 0ms (cache hit)
1938 http cache supports-preserve-symlinks-flag@https://registry.npmjs.org/supports-preserve-symlinks-flag/-/supports-preserve-symlinks-flag-1.0.0.tgz 0ms (cache hit)
1939 http cache util-deprecate@https://registry.npmjs.org/util-deprecate/-/util-deprecate-1.0.2.tgz 0ms (cache hit)
1940 http cache path-parse@https://registry.npmjs.org/path-parse/-/path-parse-1.0.7.tgz 0ms (cache hit)
1941 http cache stringify-object@https://registry.npmjs.org/stringify-object/-/stringify-object-3.3.0.tgz 0ms (cache hit)
1942 http cache string_decoder@https://registry.npmjs.org/string_decoder/-/string_decoder-1.3.0.tgz 0ms (cache hit)
1943 http cache deep-extend@https://registry.npmjs.org/deep-extend/-/deep-extend-0.6.0.tgz 0ms (cache hit)
1944 http cache quote-unquote@https://registry.npmjs.org/quote-unquote/-/quote-unquote-1.0.0.tgz 0ms (cache hit)
1945 http cache @jridgewell/sourcemap-codec@https://registry.npmjs.org/@jridgewell/sourcemap-codec/-/sourcemap-codec-1.6.0.tgz 0ms (cache hit)
1946 http cache is-core-module@https://registry.npmjs.org/is-core-module/-/is-core-module-2.17.0.tgz 0ms (cache hit)
1947 http cache nanoid@https://registry.npmjs.org/nanoid/-/nanoid-3.3.19.tgz 0ms (cache hit)
1948 http cache ini@https://registry.npmjs.org/ini/-/ini-1.3.8.tgz 0ms (cache hit)
1949 http cache parse-ms@https://registry.npmjs.org/parse-ms/-/parse-ms-2.1.0.tgz 0ms (cache hit)
1950 http cache source-map@https://registry.npmjs.org/source-map/-/source-map-0.6.1.tgz 0ms (cache hit)
1951 http cache esprima@https://registry.npmjs.org/esprima/-/esprima-4.0.1.tgz 0ms (cache hit)
1952 http cache source-map-js@https://registry.npmjs.org/source-map-js/-/source-map-js-1.2.1.tgz 0ms (cache hit)
1953 http cache minimist@https://registry.npmjs.org/minimist/-/minimist-1.2.8.tgz 0ms (cache hit)
1954 http cache @vue/compiler-ssr@https://registry.npmjs.org/@vue/compiler-ssr/-/compiler-ssr-3.5.43.tgz 0ms (cache hit)
1955 http cache picocolors@https://registry.npmjs.org/picocolors/-/picocolors-1.1.1.tgz 0ms (cache hit)
1956 http cache entities@https://registry.npmjs.org/entities/-/entities-7.0.1.tgz 0ms (cache hit)
1957 http cache estree-walker@https://registry.npmjs.org/estree-walker/-/estree-walker-2.0.2.tgz 0ms (cache hit)
1958 http cache @vue/compiler-core@https://registry.npmjs.org/@vue/compiler-core/-/compiler-core-3.5.43.tgz 0ms (cache hit)
1959 http cache ts-api-utils@https://registry.npmjs.org/ts-api-utils/-/ts-api-utils-2.5.0.tgz 0ms (cache hit)
1960 http cache tinyglobby@https://registry.npmjs.org/tinyglobby/-/tinyglobby-0.2.17.tgz 0ms (cache hit)
1961 http cache @vue/compiler-dom@https://registry.npmjs.org/@vue/compiler-dom/-/compiler-dom-3.5.43.tgz 0ms (cache hit)
1962 http cache magic-string@https://registry.npmjs.org/magic-string/-/magic-string-0.30.21.tgz 0ms (cache hit)
1963 http cache @typescript-eslint/tsconfig-utils@https://registry.npmjs.org/@typescript-eslint/tsconfig-utils/-/tsconfig-utils-8.71.0.tgz 0ms (cache hit)
1964 http cache @vue/compiler-sfc@https://registry.npmjs.org/@vue/compiler-sfc/-/compiler-sfc-3.5.43.tgz 0ms (cache hit)
1965 http cache semver@https://registry.npmjs.org/semver/-/semver-7.8.5.tgz 0ms (cache hit)
1966 http cache @vue/shared@https://registry.npmjs.org/@vue/shared/-/shared-3.5.43.tgz 0ms (cache hit)
1967 http cache @typescript-eslint/project-service@https://registry.npmjs.org/@typescript-eslint/project-service/-/project-service-8.71.0.tgz 0ms (cache hit)
1968 http cache postcss-values-parser@https://registry.npmjs.org/postcss-values-parser/-/postcss-values-parser-6.0.2.tgz 0ms (cache hit)
1969 http cache is-url-superb@https://registry.npmjs.org/is-url-superb/-/is-url-superb-4.0.0.tgz 0ms (cache hit)
1970 http cache @typescript-eslint/visitor-keys@https://registry.npmjs.org/@typescript-eslint/visitor-keys/-/visitor-keys-8.71.0.tgz 0ms (cache hit)
1971 http cache get-amd-module-type@https://registry.npmjs.org/get-amd-module-type/-/get-amd-module-type-6.0.2.tgz 0ms (cache hit)
1972 http cache @typescript-eslint/types@https://registry.npmjs.org/@typescript-eslint/types/-/types-8.71.0.tgz 0ms (cache hit)
1973 http cache escodegen@https://registry.npmjs.org/escodegen/-/escodegen-2.1.0.tgz 0ms (cache hit)
1974 http cache @typescript-eslint/typescript-estree@https://registry.npmjs.org/@typescript-eslint/typescript-estree/-/typescript-estree-8.71.0.tgz 0ms (cache hit)
1975 http cache detective-stylus@https://registry.npmjs.org/detective-stylus/-/detective-stylus-5.0.1.tgz 0ms (cache hit)
1976 http cache detective-typescript@https://registry.npmjs.org/detective-typescript/-/detective-typescript-14.1.2.tgz 0ms (cache hit)
1977 http cache detective-vue2@https://registry.npmjs.org/detective-vue2/-/detective-vue2-2.3.0.tgz 0ms (cache hit)
1978 http cache detective-scss@https://registry.npmjs.org/detective-scss/-/detective-scss-5.0.2.tgz 0ms (cache hit)
1979 http cache detective-sass@https://registry.npmjs.org/detective-sass/-/detective-sass-6.0.2.tgz 0ms (cache hit)
1980 http cache detective-postcss@https://registry.npmjs.org/detective-postcss/-/detective-postcss-8.0.4.tgz 0ms (cache hit)
1981 http cache postcss@https://registry.npmjs.org/postcss/-/postcss-8.5.28.tgz 0ms (cache hit)
1982 http cache detective-es6@https://registry.npmjs.org/detective-es6/-/detective-es6-5.0.2.tgz 0ms (cache hit)
1983 http cache detective-cjs@https://registry.npmjs.org/detective-cjs/-/detective-cjs-6.1.1.tgz 0ms (cache hit)
1984 http cache gonzales-pe@https://registry.npmjs.org/gonzales-pe/-/gonzales-pe-4.3.0.tgz 0ms (cache hit)
1985 http cache yocto-queue@https://registry.npmjs.org/yocto-queue/-/yocto-queue-0.1.0.tgz 0ms (cache hit)
1986 http cache @dependents/detective-less@https://registry.npmjs.org/@dependents/detective-less/-/detective-less-5.0.3.tgz 0ms (cache hit)
1987 http cache callsites@https://registry.npmjs.org/callsites/-/callsites-3.1.0.tgz 0ms (cache hit)
1988 http cache restore-cursor@https://registry.npmjs.org/restore-cursor/-/restore-cursor-3.1.0.tgz 0ms (cache hit)
1989 http cache detective-amd@https://registry.npmjs.org/detective-amd/-/detective-amd-6.1.0.tgz 0ms (cache hit)
1990 http cache ieee754@https://registry.npmjs.org/ieee754/-/ieee754-1.2.1.tgz 0ms (cache hit)
1991 http cache base64-js@https://registry.npmjs.org/base64-js/-/base64-js-1.5.1.tgz 0ms (cache hit)
1992 http cache p-limit@https://registry.npmjs.org/p-limit/-/p-limit-3.1.0.tgz 0ms (cache hit)
1993 http cache buffer@https://registry.npmjs.org/buffer/-/buffer-5.7.1.tgz 0ms (cache hit)
1994 http cache lru-cache@https://registry.npmjs.org/lru-cache/-/lru-cache-11.5.3.tgz 0ms (cache hit)
1995 http cache readable-stream@https://registry.npmjs.org/readable-stream/-/readable-stream-3.6.2.tgz 0ms (cache hit)
1996 http cache inherits@https://registry.npmjs.org/inherits/-/inherits-2.0.4.tgz 0ms (cache hit)
1997 http cache log-symbols@https://registry.npmjs.org/log-symbols/-/log-symbols-4.1.0.tgz 0ms (cache hit)
1998 http cache cli-spinners@https://registry.npmjs.org/cli-spinners/-/cli-spinners-2.9.2.tgz 0ms (cache hit)
1999 http cache is-interactive@https://registry.npmjs.org/is-interactive/-/is-interactive-1.0.0.tgz 0ms (cache hit)
2000 http cache is-unicode-supported@https://registry.npmjs.org/is-unicode-supported/-/is-unicode-supported-0.1.0.tgz 0ms (cache hit)
2001 http cache bl@https://registry.npmjs.org/bl/-/bl-4.1.0.tgz 0ms (cache hit)
2002 http cache @babel/helper-string-parser@https://registry.npmjs.org/@babel/helper-string-parser/-/helper-string-parser-7.29.7.tgz 0ms (cache hit)
2003 http cache strip-ansi@https://registry.npmjs.org/strip-ansi/-/strip-ansi-6.0.1.tgz 0ms (cache hit)
2004 http cache @babel/types@https://registry.npmjs.org/@babel/types/-/types-7.29.8.tgz 0ms (cache hit)
2005 http cache cli-cursor@https://registry.npmjs.org/cli-cursor/-/cli-cursor-3.1.0.tgz 0ms (cache hit)
2006 http cache wcwidth@https://registry.npmjs.org/wcwidth/-/wcwidth-1.0.1.tgz 0ms (cache hit)
2007 http cache @babel/helper-validator-identifier@https://registry.npmjs.org/@babel/helper-validator-identifier/-/helper-validator-identifier-7.29.7.tgz 0ms (cache hit)
2008 http cache fast-levenshtein@https://registry.npmjs.org/fast-levenshtein/-/fast-levenshtein-2.0.6.tgz 0ms (cache hit)
2009 http cache word-wrap@https://registry.npmjs.org/word-wrap/-/word-wrap-1.2.5.tgz 0ms (cache hit)
2010 http cache deep-is@https://registry.npmjs.org/deep-is/-/deep-is-0.1.4.tgz 0ms (cache hit)
2011 http cache @types/sarif@https://registry.npmjs.org/@types/sarif/-/sarif-2.1.7.tgz 0ms (cache hit)
2012 http cache requirejs-config-file@https://registry.npmjs.org/requirejs-config-file/-/requirejs-config-file-4.0.0.tgz 0ms (cache hit)
2013 http cache requirejs@https://registry.npmjs.org/requirejs/-/requirejs-2.3.8.tgz 0ms (cache hit)
2014 http cache concat-map@https://registry.npmjs.org/concat-map/-/concat-map-0.0.1.tgz 0ms (cache hit)
2015 http cache @babel/parser@https://registry.npmjs.org/@babel/parser/-/parser-7.29.9.tgz 0ms (cache hit)
2016 http cache ast-module-types@https://registry.npmjs.org/ast-module-types/-/ast-module-types-6.0.2.tgz 0ms (cache hit)
2017 http cache brace-expansion@https://registry.npmjs.org/brace-expansion/-/brace-expansion-1.1.21.tgz 0ms (cache hit)
2018 http cache node-source-walk@https://registry.npmjs.org/node-source-walk/-/node-source-walk-7.0.2.tgz 0ms (cache hit)
2019 http cache balanced-match@https://registry.npmjs.org/balanced-match/-/balanced-match-1.0.2.tgz 0ms (cache hit)
2020 http cache tapable@https://registry.npmjs.org/tapable/-/tapable-2.3.3.tgz 0ms (cache hit)
2021 http cache resolve-dependency-path@https://registry.npmjs.org/resolve-dependency-path/-/resolve-dependency-path-4.0.1.tgz 0ms (cache hit)
2022 http cache sass-lookup@https://registry.npmjs.org/sass-lookup/-/sass-lookup-6.1.2.tgz 0ms (cache hit)
2023 http cache tsconfig-paths@https://registry.npmjs.org/tsconfig-paths/-/tsconfig-paths-4.2.0.tgz 0ms (cache hit)
2024 http cache module-definition@https://registry.npmjs.org/module-definition/-/module-definition-6.0.2.tgz 0ms (cache hit)
2025 http cache stylus-lookup@https://registry.npmjs.org/stylus-lookup/-/stylus-lookup-6.1.2.tgz 0ms (cache hit)
2026 http cache module-lookup-amd@https://registry.npmjs.org/module-lookup-amd/-/module-lookup-amd-9.1.3.tgz 0ms (cache hit)
2027 http cache enhanced-resolve@https://registry.npmjs.org/enhanced-resolve/-/enhanced-resolve-5.26.0.tgz 0ms (cache hit)
2028 http cache resolve@https://registry.npmjs.org/resolve/-/resolve-1.22.12.tgz 0ms (cache hit)
2029 http cache app-module-path@https://registry.npmjs.org/app-module-path/-/app-module-path-2.2.0.tgz 0ms (cache hit)
2030 http cache precinct@https://registry.npmjs.org/precinct/-/precinct-12.3.2.tgz 0ms (cache hit)
2031 http cache filing-cabinet@https://registry.npmjs.org/filing-cabinet/-/filing-cabinet-5.5.1.tgz 0ms (cache hit)
2032 http cache typescript@https://registry.npmjs.org/typescript/-/typescript-5.9.3.tgz 0ms (cache hit)
2033 http cache @discoveryjs/json-ext@https://registry.npmjs.org/@discoveryjs/json-ext/-/json-ext-1.1.0.tgz 0ms (cache hit)
2034 http cache walkdir@https://registry.npmjs.org/walkdir/-/walkdir-0.4.1.tgz 0ms (cache hit)
2035 http cache pretty-ms@https://registry.npmjs.org/pretty-ms/-/pretty-ms-7.0.1.tgz 0ms (cache hit)
2036 http cache ts-graphviz@https://registry.npmjs.org/ts-graphviz/-/ts-graphviz-2.1.6.tgz 0ms (cache hit)
2037 http cache stream-to-array@https://registry.npmjs.org/stream-to-array/-/stream-to-array-2.3.0.tgz 0ms (cache hit)
2038 http cache ora@https://registry.npmjs.org/ora/-/ora-5.4.1.tgz 0ms (cache hit)
2039 http cache dependency-tree@https://registry.npmjs.org/dependency-tree/-/dependency-tree-11.5.0.tgz 0ms (cache hit)
2040 http cache rc@https://registry.npmjs.org/rc/-/rc-1.2.8.tgz 0ms (cache hit)
2041 http cache pluralize@https://registry.npmjs.org/pluralize/-/pluralize-8.0.0.tgz 0ms (cache hit)
2042 http cache type-check@https://registry.npmjs.org/type-check/-/type-check-0.4.0.tgz 0ms (cache hit)
2043 http cache p-locate@https://registry.npmjs.org/p-locate/-/p-locate-5.0.0.tgz 0ms (cache hit)
2044 http cache prelude-ls@https://registry.npmjs.org/prelude-ls/-/prelude-ls-1.2.1.tgz 0ms (cache hit)
2045 http cache commondir@https://registry.npmjs.org/commondir/-/commondir-1.0.1.tgz 0ms (cache hit)
2046 http cache argparse@https://registry.npmjs.org/argparse/-/argparse-2.0.1.tgz 0ms (cache hit)
2047 http cache json-buffer@https://registry.npmjs.org/json-buffer/-/json-buffer-3.0.1.tgz 0ms (cache hit)
2048 http cache parent-module@https://registry.npmjs.org/parent-module/-/parent-module-1.0.1.tgz 0ms (cache hit)
2049 http cache minipass@https://registry.npmjs.org/minipass/-/minipass-7.1.3.tgz 0ms (cache hit)
2050 http cache resolve-from@https://registry.npmjs.org/resolve-from/-/resolve-from-4.0.0.tgz 0ms (cache hit)
2051 http cache is-extglob@https://registry.npmjs.org/is-extglob/-/is-extglob-2.1.1.tgz 0ms (cache hit)
2052 http cache xml@https://registry.npmjs.org/xml/-/xml-1.0.1.tgz 0ms (cache hit)
2053 http cache node-sarif-builder@https://registry.npmjs.org/node-sarif-builder/-/node-sarif-builder-3.2.0.tgz 0ms (cache hit)
2054 http cache commander@https://registry.npmjs.org/commander/-/commander-11.1.0.tgz 0ms (cache hit)
2055 http cache path-scurry@https://registry.npmjs.org/path-scurry/-/path-scurry-2.0.2.tgz 0ms (cache hit)
2056 http cache universalify@https://registry.npmjs.org/universalify/-/universalify-2.0.1.tgz 0ms (cache hit)
2057 http cache jsonfile@https://registry.npmjs.org/jsonfile/-/jsonfile-6.2.1.tgz 0ms (cache hit)
2058 http cache glob@https://registry.npmjs.org/glob/-/glob-13.0.6.tgz 0ms (cache hit)
2059 http cache graceful-fs@https://registry.npmjs.org/graceful-fs/-/graceful-fs-4.2.11.tgz 0ms (cache hit)
2060 http cache async@https://registry.npmjs.org/async/-/async-3.2.6.tgz 0ms (cache hit)
2061 http cache path-exists@https://registry.npmjs.org/path-exists/-/path-exists-4.0.0.tgz 0ms (cache hit)
2062 http cache keyv@https://registry.npmjs.org/keyv/-/keyv-4.5.4.tgz 0ms (cache hit)
2063 http cache locate-path@https://registry.npmjs.org/locate-path/-/locate-path-6.0.0.tgz 0ms (cache hit)
2064 http cache flatted@https://registry.npmjs.org/flatted/-/flatted-3.4.4.tgz 0ms (cache hit)
2065 http cache flat-cache@https://registry.npmjs.org/flat-cache/-/flat-cache-4.0.1.tgz 0ms (cache hit)
2066 http cache estraverse@https://registry.npmjs.org/estraverse/-/estraverse-5.3.0.tgz 0ms (cache hit)
2067 http cache acorn-jsx@https://registry.npmjs.org/acorn-jsx/-/acorn-jsx-5.3.2.tgz 0ms (cache hit)
2068 http cache acorn@https://registry.npmjs.org/acorn/-/acorn-8.18.0.tgz 0ms (cache hit)
2069 http cache ms@https://registry.npmjs.org/ms/-/ms-2.1.3.tgz 0ms (cache hit)
2070 http cache esrecurse@https://registry.npmjs.org/esrecurse/-/esrecurse-4.3.0.tgz 0ms (cache hit)
2071 http cache path-key@https://registry.npmjs.org/path-key/-/path-key-3.1.1.tgz 0ms (cache hit)
2072 http cache color-convert@https://registry.npmjs.org/color-convert/-/color-convert-2.0.1.tgz 0ms (cache hit)
2073 http cache shebang-command@https://registry.npmjs.org/shebang-command/-/shebang-command-2.0.0.tgz 0ms (cache hit)
2074 http cache supports-color@https://registry.npmjs.org/supports-color/-/supports-color-7.2.0.tgz 0ms (cache hit)
2075 http cache color-name@https://registry.npmjs.org/color-name/-/color-name-1.1.4.tgz 0ms (cache hit)
2076 http cache @humanfs/types@https://registry.npmjs.org/@humanfs/types/-/types-0.15.0.tgz 0ms (cache hit)
2077 http cache which@https://registry.npmjs.org/which/-/which-2.0.2.tgz 0ms (cache hit)
2078 http cache ansi-styles@https://registry.npmjs.org/ansi-styles/-/ansi-styles-4.3.0.tgz 0ms (cache hit)
2079 http cache @humanfs/core@https://registry.npmjs.org/@humanfs/core/-/core-0.19.2.tgz 0ms (cache hit)
2080 http cache uri-js@https://registry.npmjs.org/uri-js/-/uri-js-4.4.1.tgz 0ms (cache hit)
2081 http cache @types/json-schema@https://registry.npmjs.org/@types/json-schema/-/json-schema-7.0.15.tgz 0ms (cache hit)
2082 http cache levn@https://registry.npmjs.org/levn/-/levn-0.4.1.tgz 0ms (cache hit)
2083 http cache strip-json-comments@https://registry.npmjs.org/strip-json-comments/-/strip-json-comments-3.1.1.tgz 0ms (cache hit)
2084 http cache @eslint/object-schema@https://registry.npmjs.org/@eslint/object-schema/-/object-schema-2.1.7.tgz 0ms (cache hit)
2085 http cache fast-json-stable-stringify@https://registry.npmjs.org/fast-json-stable-stringify/-/fast-json-stable-stringify-2.1.0.tgz 0ms (cache hit)
2086 http cache natural-compare@https://registry.npmjs.org/natural-compare/-/natural-compare-1.4.0.tgz 0ms (cache hit)
2087 http cache js-yaml@https://registry.npmjs.org/js-yaml/-/js-yaml-4.3.2.tgz 0ms (cache hit)
2088 http cache import-fresh@https://registry.npmjs.org/import-fresh/-/import-fresh-3.3.1.tgz 0ms (cache hit)
2089 http cache json-schema-traverse@https://registry.npmjs.org/json-schema-traverse/-/json-schema-traverse-0.4.1.tgz 0ms (cache hit)
2090 http cache lodash.merge@https://registry.npmjs.org/lodash.merge/-/lodash.merge-4.6.2.tgz 0ms (cache hit)
2091 http cache minimatch@https://registry.npmjs.org/minimatch/-/minimatch-3.1.5.tgz 0ms (cache hit)
2092 http cache optionator@https://registry.npmjs.org/optionator/-/optionator-0.9.4.tgz 0ms (cache hit)
2093 http cache imurmurhash@https://registry.npmjs.org/imurmurhash/-/imurmurhash-0.1.4.tgz 0ms (cache hit)
2094 http cache json-stable-stringify-without-jsonify@https://registry.npmjs.org/json-stable-stringify-without-jsonify/-/json-stable-stringify-without-jsonify-1.0.1.tgz 0ms (cache hit)
2095 http cache glob-parent@https://registry.npmjs.org/glob-parent/-/glob-parent-6.0.2.tgz 0ms (cache hit)
2096 http cache file-entry-cache@https://registry.npmjs.org/file-entry-cache/-/file-entry-cache-8.0.0.tgz 0ms (cache hit)
2097 http cache fast-deep-equal@https://registry.npmjs.org/fast-deep-equal/-/fast-deep-equal-3.1.3.tgz 0ms (cache hit)
2098 http cache esutils@https://registry.npmjs.org/esutils/-/esutils-2.0.3.tgz 0ms (cache hit)
2099 http cache find-up@https://registry.npmjs.org/find-up/-/find-up-5.0.0.tgz 0ms (cache hit)
2100 http cache is-glob@https://registry.npmjs.org/is-glob/-/is-glob-4.0.3.tgz 0ms (cache hit)
2101 http cache esquery@https://registry.npmjs.org/esquery/-/esquery-1.7.0.tgz 0ms (cache hit)
2102 http cache ignore@https://registry.npmjs.org/ignore/-/ignore-5.3.2.tgz 0ms (cache hit)
2103 http cache espree@https://registry.npmjs.org/espree/-/espree-10.4.0.tgz 0ms (cache hit)
2104 http cache eslint-visitor-keys@https://registry.npmjs.org/eslint-visitor-keys/-/eslint-visitor-keys-4.2.1.tgz 0ms (cache hit)
2105 http cache eslint-scope@https://registry.npmjs.org/eslint-scope/-/eslint-scope-8.4.0.tgz 0ms (cache hit)
2106 http cache cross-spawn@https://registry.npmjs.org/cross-spawn/-/cross-spawn-7.0.6.tgz 0ms (cache hit)
2107 http cache debug@https://registry.npmjs.org/debug/-/debug-4.4.3.tgz 0ms (cache hit)
2108 http cache escape-string-regexp@https://registry.npmjs.org/escape-string-regexp/-/escape-string-regexp-4.0.0.tgz 0ms (cache hit)
2109 http cache chalk@https://registry.npmjs.org/chalk/-/chalk-4.1.2.tgz 0ms (cache hit)
2110 http cache ajv@https://registry.npmjs.org/ajv/-/ajv-6.15.0.tgz 0ms (cache hit)
2111 http cache @humanfs/node@https://registry.npmjs.org/@humanfs/node/-/node-0.16.8.tgz 0ms (cache hit)
2112 http cache @humanwhocodes/retry@https://registry.npmjs.org/@humanwhocodes/retry/-/retry-0.4.3.tgz 0ms (cache hit)
2113 http cache @types/estree@https://registry.npmjs.org/@types/estree/-/estree-1.0.9.tgz 0ms (cache hit)
2114 http cache @eslint/config-helpers@https://registry.npmjs.org/@eslint/config-helpers/-/config-helpers-0.4.2.tgz 0ms (cache hit)
2115 http cache @eslint/eslintrc@https://registry.npmjs.org/@eslint/eslintrc/-/eslintrc-3.3.7.tgz 0ms (cache hit)
2116 http cache @humanwhocodes/module-importer@https://registry.npmjs.org/@humanwhocodes/module-importer/-/module-importer-1.0.1.tgz 0ms (cache hit)
2117 http cache @eslint-community/regexpp@https://registry.npmjs.org/@eslint-community/regexpp/-/regexpp-4.12.2.tgz 0ms (cache hit)
2118 http cache @eslint/core@https://registry.npmjs.org/@eslint/core/-/core-0.17.0.tgz 0ms (cache hit)
2119 http cache @eslint-community/eslint-utils@https://registry.npmjs.org/@eslint-community/eslint-utils/-/eslint-utils-4.10.1.tgz 0ms (cache hit)
2120 http cache @eslint/plugin-kit@https://registry.npmjs.org/@eslint/plugin-kit/-/plugin-kit-0.4.1.tgz 0ms (cache hit)
2121 http cache @eslint/config-array@https://registry.npmjs.org/@eslint/config-array/-/config-array-0.21.2.tgz 0ms (cache hit)
2122 http cache stylelint@https://registry.npmjs.org/stylelint/-/stylelint-16.26.1.tgz 0ms (cache hit)
2123 http cache madge@https://registry.npmjs.org/madge/-/madge-8.0.0.tgz 0ms (cache hit)
2124 http cache stylelint-config-recommended@https://registry.npmjs.org/stylelint-config-recommended/-/stylelint-config-recommended-17.0.0.tgz 0ms (cache hit)
2125 http cache globals@https://registry.npmjs.org/globals/-/globals-16.5.0.tgz 0ms (cache hit)
2126 http cache esbuild@https://registry.npmjs.org/esbuild/-/esbuild-0.25.12.tgz 0ms (cache hit)
2127 http cache htmlhint@https://registry.npmjs.org/htmlhint/-/htmlhint-1.9.2.tgz 0ms (cache hit)
2128 http cache @esbuild/win32-x64@https://registry.npmjs.org/@esbuild/win32-x64/-/win32-x64-0.25.12.tgz 0ms (cache hit)
2129 http cache fs-extra@https://registry.npmjs.org/fs-extra/-/fs-extra-11.4.1.tgz 0ms (cache hit)
2130 http cache @eslint/js@https://registry.npmjs.org/@eslint/js/-/js-9.39.5.tgz 0ms (cache hit)
2131 http cache eslint@https://registry.npmjs.org/eslint/-/eslint-9.39.5.tgz 0ms (cache hit)
2132 http cache keyv@https://registry.npmjs.org/keyv/-/keyv-5.6.0.tgz 0ms (cache hit)
2133 http cache hookified@https://registry.npmjs.org/hookified/-/hookified-2.2.0.tgz 0ms (cache hit)
2134 http cache keyv@https://registry.npmjs.org/keyv/-/keyv-5.6.0.tgz 0ms (cache hit)
2135 http cache keyv@https://registry.npmjs.org/keyv/-/keyv-5.6.0.tgz 0ms (cache hit)
2136 http cache json-schema-traverse@https://registry.npmjs.org/json-schema-traverse/-/json-schema-traverse-1.0.0.tgz 0ms (cache hit)
2137 http cache @keyv/bigmap@https://registry.npmjs.org/@keyv/bigmap/-/bigmap-1.3.1.tgz 0ms (cache hit)
2138 http cache signal-exit@https://registry.npmjs.org/signal-exit/-/signal-exit-4.1.0.tgz 0ms (cache hit)
2139 http cache balanced-match@https://registry.npmjs.org/balanced-match/-/balanced-match-4.0.4.tgz 1ms (cache hit)
2140 http cache glob-parent@https://registry.npmjs.org/glob-parent/-/glob-parent-5.1.2.tgz 0ms (cache hit)
2141 http cache ajv@https://registry.npmjs.org/ajv/-/ajv-8.20.0.tgz 0ms (cache hit)
2142 http cache which@https://registry.npmjs.org/which/-/which-1.3.1.tgz 0ms (cache hit)
2143 http cache minimatch@https://registry.npmjs.org/minimatch/-/minimatch-10.2.6.tgz 0ms (cache hit)
2144 http cache commander@https://registry.npmjs.org/commander/-/commander-12.1.0.tgz 0ms (cache hit)
2145 http cache eslint-visitor-keys@https://registry.npmjs.org/eslint-visitor-keys/-/eslint-visitor-keys-5.0.1.tgz 0ms (cache hit)
2146 http cache commander@https://registry.npmjs.org/commander/-/commander-12.1.0.tgz 0ms (cache hit)
2147 http cache commander@https://registry.npmjs.org/commander/-/commander-12.1.0.tgz 0ms (cache hit)
2148 http cache picomatch@https://registry.npmjs.org/picomatch/-/picomatch-4.0.7.tgz 0ms (cache hit)
2149 http cache fdir@https://registry.npmjs.org/fdir/-/fdir-6.5.0.tgz 0ms (cache hit)
2150 http cache commander@https://registry.npmjs.org/commander/-/commander-12.1.0.tgz 0ms (cache hit)
2151 http cache brace-expansion@https://registry.npmjs.org/brace-expansion/-/brace-expansion-5.0.12.tgz 0ms (cache hit)
2152 http cache commander@https://registry.npmjs.org/commander/-/commander-12.1.0.tgz 0ms (cache hit)
2153 http cache minimatch@https://registry.npmjs.org/minimatch/-/minimatch-10.2.6.tgz 0ms (cache hit)
2154 http cache eslint-visitor-keys@https://registry.npmjs.org/eslint-visitor-keys/-/eslint-visitor-keys-3.4.3.tgz 0ms (cache hit)
2155 http cache strip-json-comments@https://registry.npmjs.org/strip-json-comments/-/strip-json-comments-2.0.1.tgz 0ms (cache hit)
2156 http cache flat-cache@https://registry.npmjs.org/flat-cache/-/flat-cache-6.1.23.tgz 0ms (cache hit)
2157 http cache balanced-match@https://registry.npmjs.org/balanced-match/-/balanced-match-4.0.4.tgz 0ms (cache hit)
2158 http cache brace-expansion@https://registry.npmjs.org/brace-expansion/-/brace-expansion-5.0.12.tgz 0ms (cache hit)
2159 http cache resolve-from@https://registry.npmjs.org/resolve-from/-/resolve-from-5.0.0.tgz 0ms (cache hit)
2160 http cache commander@https://registry.npmjs.org/commander/-/commander-12.1.0.tgz 0ms (cache hit)
2161 http cache ignore@https://registry.npmjs.org/ignore/-/ignore-7.0.10.tgz 0ms (cache hit)
2162 http cache file-entry-cache@https://registry.npmjs.org/file-entry-cache/-/file-entry-cache-11.1.5.tgz 0ms (cache hit)
2163 http cache globals@https://registry.npmjs.org/globals/-/globals-14.0.0.tgz 0ms (cache hit)
2164 silly tarball no local data for @keyv/serialize@https://registry.npmjs.org/@keyv/serialize/-/serialize-1.1.1.tgz. Extracting by manifest.
2165 http cache commander@https://registry.npmjs.org/commander/-/commander-7.2.0.tgz 0ms (cache hit)
2166 silly tarball no local data for require-from-string@https://registry.npmjs.org/require-from-string/-/require-from-string-2.0.2.tgz. Extracting by manifest.
2167 http cache balanced-match@https://registry.npmjs.org/balanced-match/-/balanced-match-2.0.0.tgz 0ms (cache hit)
2168 silly tarball no local data for fast-uri@https://registry.npmjs.org/fast-uri/-/fast-uri-3.1.8.tgz. Extracting by manifest.
2169 silly tarball no local data for @cacheable/utils@https://registry.npmjs.org/@cacheable/utils/-/utils-2.5.0.tgz. Extracting by manifest.
2170 silly tarball no local data for @cacheable/memory@https://registry.npmjs.org/@cacheable/memory/-/memory-2.2.0.tgz. Extracting by manifest.
2171 silly tarball no local data for cacheable@https://registry.npmjs.org/cacheable/-/cacheable-2.5.0.tgz. Extracting by manifest.
2172 silly tarball no local data for hashery@https://registry.npmjs.org/hashery/-/hashery-1.5.1.tgz. Extracting by manifest.
2173 silly tarball no local data for hookified@https://registry.npmjs.org/hookified/-/hookified-1.15.1.tgz. Extracting by manifest.
2174 silly tarball no local data for qified@https://registry.npmjs.org/qified/-/qified-0.10.1.tgz. Extracting by manifest.
2175 silly tarball no local data for defaults@https://registry.npmjs.org/defaults/-/defaults-1.0.4.tgz. Extracting by manifest.
2176 silly tarball no local data for clone@https://registry.npmjs.org/clone/-/clone-1.0.4.tgz. Extracting by manifest.
2177 silly tarball no local data for punycode@https://registry.npmjs.org/punycode/-/punycode-2.3.1.tgz. Extracting by manifest.
2178 silly tarball no local data for strip-bom@https://registry.npmjs.org/strip-bom/-/strip-bom-3.0.0.tgz. Extracting by manifest.
2179 silly tarball no local data for @ts-graphviz/common@https://registry.npmjs.org/@ts-graphviz/common/-/common-2.1.5.tgz. Extracting by manifest.
2180 silly tarball no local data for @ts-graphviz/core@https://registry.npmjs.org/@ts-graphviz/core/-/core-2.0.7.tgz. Extracting by manifest.
2181 silly tarball no local data for json5@https://registry.npmjs.org/json5/-/json5-2.2.3.tgz. Extracting by manifest.
2182 silly tarball no local data for isexe@https://registry.npmjs.org/isexe/-/isexe-2.0.0.tgz. Extracting by manifest.
2183 silly tarball no local data for @ts-graphviz/ast@https://registry.npmjs.org/@ts-graphviz/ast/-/ast-2.0.7.tgz. Extracting by manifest.
2184 silly tarball no local data for @ts-graphviz/adapter@https://registry.npmjs.org/@ts-graphviz/adapter/-/adapter-2.0.6.tgz. Extracting by manifest.
2185 silly tarball no local data for astral-regex@https://registry.npmjs.org/astral-regex/-/astral-regex-2.0.0.tgz. Extracting by manifest.
2186 silly tarball no local data for lodash.truncate@https://registry.npmjs.org/lodash.truncate/-/lodash.truncate-4.4.2.tgz. Extracting by manifest.
2187 silly tarball no local data for is-number@https://registry.npmjs.org/is-number/-/is-number-7.0.0.tgz. Extracting by manifest.
2188 silly tarball no local data for slice-ansi@https://registry.npmjs.org/slice-ansi/-/slice-ansi-4.0.0.tgz. Extracting by manifest.
2189 silly tarball no local data for is-fullwidth-code-point@https://registry.npmjs.org/is-fullwidth-code-point/-/is-fullwidth-code-point-3.0.0.tgz. Extracting by manifest.
2190 silly tarball no local data for emoji-regex@https://registry.npmjs.org/emoji-regex/-/emoji-regex-8.0.0.tgz. Extracting by manifest.
2191 silly tarball no local data for js-tokens@https://registry.npmjs.org/js-tokens/-/js-tokens-4.0.0.tgz. Extracting by manifest.
2192 silly tarball no local data for queue-microtask@https://registry.npmjs.org/queue-microtask/-/queue-microtask-1.2.3.tgz. Extracting by manifest.
2193 silly tarball no local data for cssesc@https://registry.npmjs.org/cssesc/-/cssesc-3.0.0.tgz. Extracting by manifest.
2194 silly tarball no local data for is-arrayish@https://registry.npmjs.org/is-arrayish/-/is-arrayish-0.2.1.tgz. Extracting by manifest.
2195 silly tarball no local data for json-parse-even-better-errors@https://registry.npmjs.org/json-parse-even-better-errors/-/json-parse-even-better-errors-2.3.1.tgz. Extracting by manifest.
2196 silly tarball no local data for error-ex@https://registry.npmjs.org/error-ex/-/error-ex-1.3.4.tgz. Extracting by manifest.
2197 silly tarball no local data for lines-and-columns@https://registry.npmjs.org/lines-and-columns/-/lines-and-columns-1.2.4.tgz. Extracting by manifest.
2198 silly tarball no local data for @babel/code-frame@https://registry.npmjs.org/@babel/code-frame/-/code-frame-7.29.7.tgz. Extracting by manifest.
2199 silly tarball no local data for to-regex-range@https://registry.npmjs.org/to-regex-range/-/to-regex-range-5.0.1.tgz. Extracting by manifest.
2200 silly tarball no local data for picomatch@https://registry.npmjs.org/picomatch/-/picomatch-2.3.2.tgz. Extracting by manifest.
2201 silly tarball no local data for braces@https://registry.npmjs.org/braces/-/braces-3.0.3.tgz. Extracting by manifest.
2202 silly tarball no local data for path-type@https://registry.npmjs.org/path-type/-/path-type-4.0.0.tgz. Extracting by manifest.
2203 silly tarball no local data for array-union@https://registry.npmjs.org/array-union/-/array-union-2.1.0.tgz. Extracting by manifest.
2204 silly tarball no local data for dir-glob@https://registry.npmjs.org/dir-glob/-/dir-glob-3.0.1.tgz. Extracting by manifest.
2205 silly tarball no local data for kind-of@https://registry.npmjs.org/kind-of/-/kind-of-6.0.3.tgz. Extracting by manifest.
2206 silly tarball no local data for fill-range@https://registry.npmjs.org/fill-range/-/fill-range-7.1.1.tgz. Extracting by manifest.
2207 silly tarball no local data for slash@https://registry.npmjs.org/slash/-/slash-3.0.0.tgz. Extracting by manifest.
2208 silly tarball no local data for @nodelib/fs.scandir@https://registry.npmjs.org/@nodelib/fs.scandir/-/fs.scandir-2.1.5.tgz. Extracting by manifest.
2209 silly tarball no local data for global-prefix@https://registry.npmjs.org/global-prefix/-/global-prefix-3.0.0.tgz. Extracting by manifest.
2210 silly tarball no local data for @nodelib/fs.walk@https://registry.npmjs.org/@nodelib/fs.walk/-/fs.walk-1.2.8.tgz. Extracting by manifest.
2211 silly tarball no local data for merge2@https://registry.npmjs.org/merge2/-/merge2-1.4.1.tgz. Extracting by manifest.
2212 silly tarball no local data for reusify@https://registry.npmjs.org/reusify/-/reusify-1.1.0.tgz. Extracting by manifest.
2213 silly tarball no local data for @nodelib/fs.stat@https://registry.npmjs.org/@nodelib/fs.stat/-/fs.stat-2.0.5.tgz. Extracting by manifest.
2214 silly tarball no local data for run-parallel@https://registry.npmjs.org/run-parallel/-/run-parallel-1.2.0.tgz. Extracting by manifest.
2215 silly tarball no local data for mdn-data@https://registry.npmjs.org/mdn-data/-/mdn-data-2.27.1.tgz. Extracting by manifest.
2216 silly tarball no local data for fastq@https://registry.npmjs.org/fastq/-/fastq-1.20.3.tgz. Extracting by manifest.
2217 silly tarball no local data for parse-json@https://registry.npmjs.org/parse-json/-/parse-json-5.2.0.tgz. Extracting by manifest.
2218 silly tarball no local data for supports-hyperlinks@https://registry.npmjs.org/supports-hyperlinks/-/supports-hyperlinks-3.2.0.tgz. Extracting by manifest.
2219 silly tarball no local data for svg-tags@https://registry.npmjs.org/svg-tags/-/svg-tags-1.0.0.tgz. Extracting by manifest.
2220 silly tarball no local data for has-flag@https://registry.npmjs.org/has-flag/-/has-flag-4.0.0.tgz. Extracting by manifest.
2221 silly tarball no local data for env-paths@https://registry.npmjs.org/env-paths/-/env-paths-2.2.1.tgz. Extracting by manifest.
2222 silly tarball no local data for postcss-value-parser@https://registry.npmjs.org/postcss-value-parser/-/postcss-value-parser-4.2.0.tgz. Extracting by manifest.
2223 silly tarball no local data for table@https://registry.npmjs.org/table/-/table-6.9.0.tgz. Extracting by manifest.
2224 silly tarball no local data for write-file-atomic@https://registry.npmjs.org/write-file-atomic/-/write-file-atomic-5.0.1.tgz. Extracting by manifest.
2225 silly tarball no local data for string-width@https://registry.npmjs.org/string-width/-/string-width-4.2.3.tgz. Extracting by manifest.
2226 silly tarball no local data for postcss-resolve-nested-selector@https://registry.npmjs.org/postcss-resolve-nested-selector/-/postcss-resolve-nested-selector-0.1.6.tgz. Extracting by manifest.
2227 silly tarball no local data for postcss-safe-parser@https://registry.npmjs.org/postcss-safe-parser/-/postcss-safe-parser-7.1.0.tgz. Extracting by manifest.
2228 silly tarball no local data for mathml-tag-names@https://registry.npmjs.org/mathml-tag-names/-/mathml-tag-names-2.1.3.tgz. Extracting by manifest.
2229 silly tarball no local data for is-plain-object@https://registry.npmjs.org/is-plain-object/-/is-plain-object-5.1.0.tgz. Extracting by manifest.
2230 silly tarball no local data for meow@https://registry.npmjs.org/meow/-/meow-13.2.0.tgz. Extracting by manifest.
2231 silly tarball no local data for html-tags@https://registry.npmjs.org/html-tags/-/html-tags-3.3.1.tgz. Extracting by manifest.
2232 silly tarball no local data for normalize-path@https://registry.npmjs.org/normalize-path/-/normalize-path-3.0.0.tgz. Extracting by manifest.
2233 silly tarball no local data for known-css-properties@https://registry.npmjs.org/known-css-properties/-/known-css-properties-0.37.0.tgz. Extracting by manifest.
2234 silly tarball no local data for globjoin@https://registry.npmjs.org/globjoin/-/globjoin-0.1.4.tgz. Extracting by manifest.
2235 silly tarball no local data for micromatch@https://registry.npmjs.org/micromatch/-/micromatch-4.0.8.tgz. Extracting by manifest.
2236 silly tarball no local data for global-modules@https://registry.npmjs.org/global-modules/-/global-modules-2.0.0.tgz. Extracting by manifest.
2237 silly tarball no local data for globby@https://registry.npmjs.org/globby/-/globby-11.1.0.tgz. Extracting by manifest.
2238 silly tarball no local data for css-functions-list@https://registry.npmjs.org/css-functions-list/-/css-functions-list-3.3.3.tgz. Extracting by manifest.
2239 silly tarball no local data for fast-glob@https://registry.npmjs.org/fast-glob/-/fast-glob-3.3.3.tgz. Extracting by manifest.
2240 silly tarball no local data for fastest-levenshtein@https://registry.npmjs.org/fastest-levenshtein/-/fastest-levenshtein-1.0.16.tgz. Extracting by manifest.
2241 silly tarball no local data for @dual-bundle/import-meta-resolve@https://registry.npmjs.org/@dual-bundle/import-meta-resolve/-/import-meta-resolve-4.2.1.tgz. Extracting by manifest.
2242 silly tarball no local data for colord@https://registry.npmjs.org/colord/-/colord-2.10.0.tgz. Extracting by manifest.
2243 silly tarball no local data for css-tree@https://registry.npmjs.org/css-tree/-/css-tree-3.2.1.tgz. Extracting by manifest.
2244 silly tarball no local data for cosmiconfig@https://registry.npmjs.org/cosmiconfig/-/cosmiconfig-9.0.2.tgz. Extracting by manifest.
2245 silly tarball no local data for @csstools/media-query-list-parser@https://registry.npmjs.org/@csstools/media-query-list-parser/-/media-query-list-parser-4.0.3.tgz. Extracting by manifest.
2246 silly tarball no local data for ansi-regex@https://registry.npmjs.org/ansi-regex/-/ansi-regex-5.0.1.tgz. Extracting by manifest.
2247 silly tarball no local data for postcss-selector-parser@https://registry.npmjs.org/postcss-selector-parser/-/postcss-selector-parser-7.1.6.tgz. Extracting by manifest.
2248 silly tarball no local data for @csstools/css-syntax-patches-for-csstree@https://registry.npmjs.org/@csstools/css-syntax-patches-for-csstree/-/css-syntax-patches-for-csstree-1.1.14.tgz. Extracting by manifest.
2249 silly tarball no local data for @csstools/selector-specificity@https://registry.npmjs.org/@csstools/selector-specificity/-/selector-specificity-5.0.0.tgz. Extracting by manifest.
2250 silly tarball no local data for is-regexp@https://registry.npmjs.org/is-regexp/-/is-regexp-1.0.0.tgz. Extracting by manifest.
2251 silly tarball no local data for @csstools/css-parser-algorithms@https://registry.npmjs.org/@csstools/css-parser-algorithms/-/css-parser-algorithms-3.0.5.tgz. Extracting by manifest.
2252 silly tarball no local data for @csstools/css-tokenizer@https://registry.npmjs.org/@csstools/css-tokenizer/-/css-tokenizer-3.0.4.tgz. Extracting by manifest.
2253 silly tarball no local data for is-obj@https://registry.npmjs.org/is-obj/-/is-obj-1.0.1.tgz. Extracting by manifest.
2254 silly tarball no local data for safe-buffer@https://registry.npmjs.org/safe-buffer/-/safe-buffer-5.2.1.tgz. Extracting by manifest.
2255 silly tarball no local data for any-promise@https://registry.npmjs.org/any-promise/-/any-promise-1.3.0.tgz. Extracting by manifest.
2256 silly tarball no local data for shebang-regex@https://registry.npmjs.org/shebang-regex/-/shebang-regex-3.0.0.tgz. Extracting by manifest.
2257 silly tarball no local data for mimic-fn@https://registry.npmjs.org/mimic-fn/-/mimic-fn-2.1.0.tgz. Extracting by manifest.
2258 silly tarball no local data for get-own-enumerable-property-symbols@https://registry.npmjs.org/get-own-enumerable-property-symbols/-/get-own-enumerable-property-symbols-3.0.2.tgz. Extracting by manifest.
2259 silly tarball no local data for signal-exit@https://registry.npmjs.org/signal-exit/-/signal-exit-3.0.7.tgz. Extracting by manifest.
2260 silly tarball no local data for function-bind@https://registry.npmjs.org/function-bind/-/function-bind-1.1.2.tgz. Extracting by manifest.
2261 silly tarball no local data for onetime@https://registry.npmjs.org/onetime/-/onetime-5.1.2.tgz. Extracting by manifest.
2262 silly tarball no local data for hasown@https://registry.npmjs.org/hasown/-/hasown-2.0.4.tgz. Extracting by manifest.
2263 silly tarball no local data for es-errors@https://registry.npmjs.org/es-errors/-/es-errors-1.3.0.tgz. Extracting by manifest.
2264 silly tarball no local data for supports-preserve-symlinks-flag@https://registry.npmjs.org/supports-preserve-symlinks-flag/-/supports-preserve-symlinks-flag-1.0.0.tgz. Extracting by manifest.
2265 silly tarball no local data for util-deprecate@https://registry.npmjs.org/util-deprecate/-/util-deprecate-1.0.2.tgz. Extracting by manifest.
2266 silly tarball no local data for path-parse@https://registry.npmjs.org/path-parse/-/path-parse-1.0.7.tgz. Extracting by manifest.
2267 silly tarball no local data for stringify-object@https://registry.npmjs.org/stringify-object/-/stringify-object-3.3.0.tgz. Extracting by manifest.
2268 silly tarball no local data for string_decoder@https://registry.npmjs.org/string_decoder/-/string_decoder-1.3.0.tgz. Extracting by manifest.
2269 silly tarball no local data for deep-extend@https://registry.npmjs.org/deep-extend/-/deep-extend-0.6.0.tgz. Extracting by manifest.
2270 silly tarball no local data for quote-unquote@https://registry.npmjs.org/quote-unquote/-/quote-unquote-1.0.0.tgz. Extracting by manifest.
2271 silly tarball no local data for @jridgewell/sourcemap-codec@https://registry.npmjs.org/@jridgewell/sourcemap-codec/-/sourcemap-codec-1.6.0.tgz. Extracting by manifest.
2272 silly tarball no local data for is-core-module@https://registry.npmjs.org/is-core-module/-/is-core-module-2.17.0.tgz. Extracting by manifest.
2273 silly tarball no local data for nanoid@https://registry.npmjs.org/nanoid/-/nanoid-3.3.19.tgz. Extracting by manifest.
2274 silly tarball no local data for ini@https://registry.npmjs.org/ini/-/ini-1.3.8.tgz. Extracting by manifest.
2275 silly tarball no local data for parse-ms@https://registry.npmjs.org/parse-ms/-/parse-ms-2.1.0.tgz. Extracting by manifest.
2276 silly tarball no local data for source-map@https://registry.npmjs.org/source-map/-/source-map-0.6.1.tgz. Extracting by manifest.
2277 silly tarball no local data for esprima@https://registry.npmjs.org/esprima/-/esprima-4.0.1.tgz. Extracting by manifest.
2278 silly tarball no local data for source-map-js@https://registry.npmjs.org/source-map-js/-/source-map-js-1.2.1.tgz. Extracting by manifest.
2279 silly tarball no local data for minimist@https://registry.npmjs.org/minimist/-/minimist-1.2.8.tgz. Extracting by manifest.
2280 silly tarball no local data for @vue/compiler-ssr@https://registry.npmjs.org/@vue/compiler-ssr/-/compiler-ssr-3.5.43.tgz. Extracting by manifest.
2281 silly tarball no local data for picocolors@https://registry.npmjs.org/picocolors/-/picocolors-1.1.1.tgz. Extracting by manifest.
2282 silly tarball no local data for entities@https://registry.npmjs.org/entities/-/entities-7.0.1.tgz. Extracting by manifest.
2283 silly tarball no local data for estree-walker@https://registry.npmjs.org/estree-walker/-/estree-walker-2.0.2.tgz. Extracting by manifest.
2284 silly tarball no local data for @vue/compiler-core@https://registry.npmjs.org/@vue/compiler-core/-/compiler-core-3.5.43.tgz. Extracting by manifest.
2285 silly tarball no local data for ts-api-utils@https://registry.npmjs.org/ts-api-utils/-/ts-api-utils-2.5.0.tgz. Extracting by manifest.
2286 silly tarball no local data for tinyglobby@https://registry.npmjs.org/tinyglobby/-/tinyglobby-0.2.17.tgz. Extracting by manifest.
2287 silly tarball no local data for @vue/compiler-dom@https://registry.npmjs.org/@vue/compiler-dom/-/compiler-dom-3.5.43.tgz. Extracting by manifest.
2288 silly tarball no local data for magic-string@https://registry.npmjs.org/magic-string/-/magic-string-0.30.21.tgz. Extracting by manifest.
2289 silly tarball no local data for @typescript-eslint/tsconfig-utils@https://registry.npmjs.org/@typescript-eslint/tsconfig-utils/-/tsconfig-utils-8.71.0.tgz. Extracting by manifest.
2290 silly tarball no local data for @vue/compiler-sfc@https://registry.npmjs.org/@vue/compiler-sfc/-/compiler-sfc-3.5.43.tgz. Extracting by manifest.
2291 silly tarball no local data for semver@https://registry.npmjs.org/semver/-/semver-7.8.5.tgz. Extracting by manifest.
2292 silly tarball no local data for @vue/shared@https://registry.npmjs.org/@vue/shared/-/shared-3.5.43.tgz. Extracting by manifest.
2293 silly tarball no local data for @typescript-eslint/project-service@https://registry.npmjs.org/@typescript-eslint/project-service/-/project-service-8.71.0.tgz. Extracting by manifest.
2294 silly tarball no local data for postcss-values-parser@https://registry.npmjs.org/postcss-values-parser/-/postcss-values-parser-6.0.2.tgz. Extracting by manifest.
2295 silly tarball no local data for is-url-superb@https://registry.npmjs.org/is-url-superb/-/is-url-superb-4.0.0.tgz. Extracting by manifest.
2296 silly tarball no local data for @typescript-eslint/visitor-keys@https://registry.npmjs.org/@typescript-eslint/visitor-keys/-/visitor-keys-8.71.0.tgz. Extracting by manifest.
2297 silly tarball no local data for get-amd-module-type@https://registry.npmjs.org/get-amd-module-type/-/get-amd-module-type-6.0.2.tgz. Extracting by manifest.
2298 silly tarball no local data for @typescript-eslint/types@https://registry.npmjs.org/@typescript-eslint/types/-/types-8.71.0.tgz. Extracting by manifest.
2299 silly tarball no local data for escodegen@https://registry.npmjs.org/escodegen/-/escodegen-2.1.0.tgz. Extracting by manifest.
2300 silly tarball no local data for @typescript-eslint/typescript-estree@https://registry.npmjs.org/@typescript-eslint/typescript-estree/-/typescript-estree-8.71.0.tgz. Extracting by manifest.
2301 silly tarball no local data for detective-stylus@https://registry.npmjs.org/detective-stylus/-/detective-stylus-5.0.1.tgz. Extracting by manifest.
2302 silly tarball no local data for detective-typescript@https://registry.npmjs.org/detective-typescript/-/detective-typescript-14.1.2.tgz. Extracting by manifest.
2303 silly tarball no local data for detective-vue2@https://registry.npmjs.org/detective-vue2/-/detective-vue2-2.3.0.tgz. Extracting by manifest.
2304 silly tarball no local data for detective-scss@https://registry.npmjs.org/detective-scss/-/detective-scss-5.0.2.tgz. Extracting by manifest.
2305 silly tarball no local data for detective-sass@https://registry.npmjs.org/detective-sass/-/detective-sass-6.0.2.tgz. Extracting by manifest.
2306 silly tarball no local data for detective-postcss@https://registry.npmjs.org/detective-postcss/-/detective-postcss-8.0.4.tgz. Extracting by manifest.
2307 silly tarball no local data for postcss@https://registry.npmjs.org/postcss/-/postcss-8.5.28.tgz. Extracting by manifest.
2308 silly tarball no local data for detective-es6@https://registry.npmjs.org/detective-es6/-/detective-es6-5.0.2.tgz. Extracting by manifest.
2309 silly tarball no local data for detective-cjs@https://registry.npmjs.org/detective-cjs/-/detective-cjs-6.1.1.tgz. Extracting by manifest.
2310 silly tarball no local data for gonzales-pe@https://registry.npmjs.org/gonzales-pe/-/gonzales-pe-4.3.0.tgz. Extracting by manifest.
2311 silly tarball no local data for yocto-queue@https://registry.npmjs.org/yocto-queue/-/yocto-queue-0.1.0.tgz. Extracting by manifest.
2312 silly tarball no local data for @dependents/detective-less@https://registry.npmjs.org/@dependents/detective-less/-/detective-less-5.0.3.tgz. Extracting by manifest.
2313 silly tarball no local data for callsites@https://registry.npmjs.org/callsites/-/callsites-3.1.0.tgz. Extracting by manifest.
2314 silly tarball no local data for restore-cursor@https://registry.npmjs.org/restore-cursor/-/restore-cursor-3.1.0.tgz. Extracting by manifest.
2315 silly tarball no local data for detective-amd@https://registry.npmjs.org/detective-amd/-/detective-amd-6.1.0.tgz. Extracting by manifest.
2316 silly tarball no local data for ieee754@https://registry.npmjs.org/ieee754/-/ieee754-1.2.1.tgz. Extracting by manifest.
2317 silly tarball no local data for base64-js@https://registry.npmjs.org/base64-js/-/base64-js-1.5.1.tgz. Extracting by manifest.
2318 silly tarball no local data for p-limit@https://registry.npmjs.org/p-limit/-/p-limit-3.1.0.tgz. Extracting by manifest.
2319 silly tarball no local data for buffer@https://registry.npmjs.org/buffer/-/buffer-5.7.1.tgz. Extracting by manifest.
2320 silly tarball no local data for lru-cache@https://registry.npmjs.org/lru-cache/-/lru-cache-11.5.3.tgz. Extracting by manifest.
2321 silly tarball no local data for readable-stream@https://registry.npmjs.org/readable-stream/-/readable-stream-3.6.2.tgz. Extracting by manifest.
2322 silly tarball no local data for inherits@https://registry.npmjs.org/inherits/-/inherits-2.0.4.tgz. Extracting by manifest.
2323 silly tarball no local data for log-symbols@https://registry.npmjs.org/log-symbols/-/log-symbols-4.1.0.tgz. Extracting by manifest.
2324 silly tarball no local data for cli-spinners@https://registry.npmjs.org/cli-spinners/-/cli-spinners-2.9.2.tgz. Extracting by manifest.
2325 silly tarball no local data for is-interactive@https://registry.npmjs.org/is-interactive/-/is-interactive-1.0.0.tgz. Extracting by manifest.
2326 silly tarball no local data for is-unicode-supported@https://registry.npmjs.org/is-unicode-supported/-/is-unicode-supported-0.1.0.tgz. Extracting by manifest.
2327 silly tarball no local data for bl@https://registry.npmjs.org/bl/-/bl-4.1.0.tgz. Extracting by manifest.
2328 silly tarball no local data for @babel/helper-string-parser@https://registry.npmjs.org/@babel/helper-string-parser/-/helper-string-parser-7.29.7.tgz. Extracting by manifest.
2329 silly tarball no local data for strip-ansi@https://registry.npmjs.org/strip-ansi/-/strip-ansi-6.0.1.tgz. Extracting by manifest.
2330 silly tarball no local data for @babel/types@https://registry.npmjs.org/@babel/types/-/types-7.29.8.tgz. Extracting by manifest.
2331 silly tarball no local data for cli-cursor@https://registry.npmjs.org/cli-cursor/-/cli-cursor-3.1.0.tgz. Extracting by manifest.
2332 silly tarball no local data for wcwidth@https://registry.npmjs.org/wcwidth/-/wcwidth-1.0.1.tgz. Extracting by manifest.
2333 silly tarball no local data for @babel/helper-validator-identifier@https://registry.npmjs.org/@babel/helper-validator-identifier/-/helper-validator-identifier-7.29.7.tgz. Extracting by manifest.
2334 silly tarball no local data for fast-levenshtein@https://registry.npmjs.org/fast-levenshtein/-/fast-levenshtein-2.0.6.tgz. Extracting by manifest.
2335 silly tarball no local data for word-wrap@https://registry.npmjs.org/word-wrap/-/word-wrap-1.2.5.tgz. Extracting by manifest.
2336 silly tarball no local data for deep-is@https://registry.npmjs.org/deep-is/-/deep-is-0.1.4.tgz. Extracting by manifest.
2337 silly tarball no local data for @types/sarif@https://registry.npmjs.org/@types/sarif/-/sarif-2.1.7.tgz. Extracting by manifest.
2338 silly tarball no local data for requirejs-config-file@https://registry.npmjs.org/requirejs-config-file/-/requirejs-config-file-4.0.0.tgz. Extracting by manifest.
2339 silly tarball no local data for requirejs@https://registry.npmjs.org/requirejs/-/requirejs-2.3.8.tgz. Extracting by manifest.
2340 silly tarball no local data for concat-map@https://registry.npmjs.org/concat-map/-/concat-map-0.0.1.tgz. Extracting by manifest.
2341 silly tarball no local data for @babel/parser@https://registry.npmjs.org/@babel/parser/-/parser-7.29.9.tgz. Extracting by manifest.
2342 silly tarball no local data for ast-module-types@https://registry.npmjs.org/ast-module-types/-/ast-module-types-6.0.2.tgz. Extracting by manifest.
2343 silly tarball no local data for brace-expansion@https://registry.npmjs.org/brace-expansion/-/brace-expansion-1.1.21.tgz. Extracting by manifest.
2344 silly tarball no local data for node-source-walk@https://registry.npmjs.org/node-source-walk/-/node-source-walk-7.0.2.tgz. Extracting by manifest.
2345 silly tarball no local data for balanced-match@https://registry.npmjs.org/balanced-match/-/balanced-match-1.0.2.tgz. Extracting by manifest.
2346 silly tarball no local data for tapable@https://registry.npmjs.org/tapable/-/tapable-2.3.3.tgz. Extracting by manifest.
2347 silly tarball no local data for resolve-dependency-path@https://registry.npmjs.org/resolve-dependency-path/-/resolve-dependency-path-4.0.1.tgz. Extracting by manifest.
2348 silly tarball no local data for sass-lookup@https://registry.npmjs.org/sass-lookup/-/sass-lookup-6.1.2.tgz. Extracting by manifest.
2349 silly tarball no local data for tsconfig-paths@https://registry.npmjs.org/tsconfig-paths/-/tsconfig-paths-4.2.0.tgz. Extracting by manifest.
2350 silly tarball no local data for module-definition@https://registry.npmjs.org/module-definition/-/module-definition-6.0.2.tgz. Extracting by manifest.
2351 silly tarball no local data for stylus-lookup@https://registry.npmjs.org/stylus-lookup/-/stylus-lookup-6.1.2.tgz. Extracting by manifest.
2352 silly tarball no local data for module-lookup-amd@https://registry.npmjs.org/module-lookup-amd/-/module-lookup-amd-9.1.3.tgz. Extracting by manifest.
2353 silly tarball no local data for enhanced-resolve@https://registry.npmjs.org/enhanced-resolve/-/enhanced-resolve-5.26.0.tgz. Extracting by manifest.
2354 silly tarball no local data for resolve@https://registry.npmjs.org/resolve/-/resolve-1.22.12.tgz. Extracting by manifest.
2355 silly tarball no local data for app-module-path@https://registry.npmjs.org/app-module-path/-/app-module-path-2.2.0.tgz. Extracting by manifest.
2356 silly tarball no local data for precinct@https://registry.npmjs.org/precinct/-/precinct-12.3.2.tgz. Extracting by manifest.
2357 silly tarball no local data for filing-cabinet@https://registry.npmjs.org/filing-cabinet/-/filing-cabinet-5.5.1.tgz. Extracting by manifest.
2358 silly tarball no local data for typescript@https://registry.npmjs.org/typescript/-/typescript-5.9.3.tgz. Extracting by manifest.
2359 silly tarball no local data for @discoveryjs/json-ext@https://registry.npmjs.org/@discoveryjs/json-ext/-/json-ext-1.1.0.tgz. Extracting by manifest.
2360 silly tarball no local data for walkdir@https://registry.npmjs.org/walkdir/-/walkdir-0.4.1.tgz. Extracting by manifest.
2361 silly tarball no local data for pretty-ms@https://registry.npmjs.org/pretty-ms/-/pretty-ms-7.0.1.tgz. Extracting by manifest.
2362 silly tarball no local data for ts-graphviz@https://registry.npmjs.org/ts-graphviz/-/ts-graphviz-2.1.6.tgz. Extracting by manifest.
2363 silly tarball no local data for stream-to-array@https://registry.npmjs.org/stream-to-array/-/stream-to-array-2.3.0.tgz. Extracting by manifest.
2364 silly tarball no local data for ora@https://registry.npmjs.org/ora/-/ora-5.4.1.tgz. Extracting by manifest.
2365 silly tarball no local data for dependency-tree@https://registry.npmjs.org/dependency-tree/-/dependency-tree-11.5.0.tgz. Extracting by manifest.
2366 silly tarball no local data for rc@https://registry.npmjs.org/rc/-/rc-1.2.8.tgz. Extracting by manifest.
2367 silly tarball no local data for pluralize@https://registry.npmjs.org/pluralize/-/pluralize-8.0.0.tgz. Extracting by manifest.
2368 silly tarball no local data for type-check@https://registry.npmjs.org/type-check/-/type-check-0.4.0.tgz. Extracting by manifest.
2369 silly tarball no local data for p-locate@https://registry.npmjs.org/p-locate/-/p-locate-5.0.0.tgz. Extracting by manifest.
2370 silly tarball no local data for prelude-ls@https://registry.npmjs.org/prelude-ls/-/prelude-ls-1.2.1.tgz. Extracting by manifest.
2371 silly tarball no local data for commondir@https://registry.npmjs.org/commondir/-/commondir-1.0.1.tgz. Extracting by manifest.
2372 silly tarball no local data for argparse@https://registry.npmjs.org/argparse/-/argparse-2.0.1.tgz. Extracting by manifest.
2373 silly tarball no local data for json-buffer@https://registry.npmjs.org/json-buffer/-/json-buffer-3.0.1.tgz. Extracting by manifest.
2374 silly tarball no local data for parent-module@https://registry.npmjs.org/parent-module/-/parent-module-1.0.1.tgz. Extracting by manifest.
2375 silly tarball no local data for minipass@https://registry.npmjs.org/minipass/-/minipass-7.1.3.tgz. Extracting by manifest.
2376 silly tarball no local data for resolve-from@https://registry.npmjs.org/resolve-from/-/resolve-from-4.0.0.tgz. Extracting by manifest.
2377 silly tarball no local data for is-extglob@https://registry.npmjs.org/is-extglob/-/is-extglob-2.1.1.tgz. Extracting by manifest.
2378 silly tarball no local data for xml@https://registry.npmjs.org/xml/-/xml-1.0.1.tgz. Extracting by manifest.
2379 silly tarball no local data for node-sarif-builder@https://registry.npmjs.org/node-sarif-builder/-/node-sarif-builder-3.2.0.tgz. Extracting by manifest.
2380 silly tarball no local data for commander@https://registry.npmjs.org/commander/-/commander-11.1.0.tgz. Extracting by manifest.
2381 silly tarball no local data for path-scurry@https://registry.npmjs.org/path-scurry/-/path-scurry-2.0.2.tgz. Extracting by manifest.
2382 silly tarball no local data for universalify@https://registry.npmjs.org/universalify/-/universalify-2.0.1.tgz. Extracting by manifest.
2383 silly tarball no local data for jsonfile@https://registry.npmjs.org/jsonfile/-/jsonfile-6.2.1.tgz. Extracting by manifest.
2384 silly tarball no local data for glob@https://registry.npmjs.org/glob/-/glob-13.0.6.tgz. Extracting by manifest.
2385 silly tarball no local data for graceful-fs@https://registry.npmjs.org/graceful-fs/-/graceful-fs-4.2.11.tgz. Extracting by manifest.
2386 silly tarball no local data for async@https://registry.npmjs.org/async/-/async-3.2.6.tgz. Extracting by manifest.
2387 silly tarball no local data for path-exists@https://registry.npmjs.org/path-exists/-/path-exists-4.0.0.tgz. Extracting by manifest.
2388 silly tarball no local data for keyv@https://registry.npmjs.org/keyv/-/keyv-4.5.4.tgz. Extracting by manifest.
2389 silly tarball no local data for locate-path@https://registry.npmjs.org/locate-path/-/locate-path-6.0.0.tgz. Extracting by manifest.
2390 silly tarball no local data for flatted@https://registry.npmjs.org/flatted/-/flatted-3.4.4.tgz. Extracting by manifest.
2391 silly tarball no local data for flat-cache@https://registry.npmjs.org/flat-cache/-/flat-cache-4.0.1.tgz. Extracting by manifest.
2392 silly tarball no local data for estraverse@https://registry.npmjs.org/estraverse/-/estraverse-5.3.0.tgz. Extracting by manifest.
2393 silly tarball no local data for acorn-jsx@https://registry.npmjs.org/acorn-jsx/-/acorn-jsx-5.3.2.tgz. Extracting by manifest.
2394 silly tarball no local data for acorn@https://registry.npmjs.org/acorn/-/acorn-8.18.0.tgz. Extracting by manifest.
2395 silly tarball no local data for ms@https://registry.npmjs.org/ms/-/ms-2.1.3.tgz. Extracting by manifest.
2396 silly tarball no local data for esrecurse@https://registry.npmjs.org/esrecurse/-/esrecurse-4.3.0.tgz. Extracting by manifest.
2397 silly tarball no local data for path-key@https://registry.npmjs.org/path-key/-/path-key-3.1.1.tgz. Extracting by manifest.
2398 silly tarball no local data for color-convert@https://registry.npmjs.org/color-convert/-/color-convert-2.0.1.tgz. Extracting by manifest.
2399 silly tarball no local data for shebang-command@https://registry.npmjs.org/shebang-command/-/shebang-command-2.0.0.tgz. Extracting by manifest.
2400 silly tarball no local data for supports-color@https://registry.npmjs.org/supports-color/-/supports-color-7.2.0.tgz. Extracting by manifest.
2401 silly tarball no local data for color-name@https://registry.npmjs.org/color-name/-/color-name-1.1.4.tgz. Extracting by manifest.
2402 silly tarball no local data for @humanfs/types@https://registry.npmjs.org/@humanfs/types/-/types-0.15.0.tgz. Extracting by manifest.
2403 silly tarball no local data for which@https://registry.npmjs.org/which/-/which-2.0.2.tgz. Extracting by manifest.
2404 silly tarball no local data for ansi-styles@https://registry.npmjs.org/ansi-styles/-/ansi-styles-4.3.0.tgz. Extracting by manifest.
2405 silly tarball no local data for @humanfs/core@https://registry.npmjs.org/@humanfs/core/-/core-0.19.2.tgz. Extracting by manifest.
2406 silly tarball no local data for uri-js@https://registry.npmjs.org/uri-js/-/uri-js-4.4.1.tgz. Extracting by manifest.
2407 silly tarball no local data for @types/json-schema@https://registry.npmjs.org/@types/json-schema/-/json-schema-7.0.15.tgz. Extracting by manifest.
2408 silly tarball no local data for levn@https://registry.npmjs.org/levn/-/levn-0.4.1.tgz. Extracting by manifest.
2409 silly tarball no local data for strip-json-comments@https://registry.npmjs.org/strip-json-comments/-/strip-json-comments-3.1.1.tgz. Extracting by manifest.
2410 silly tarball no local data for @eslint/object-schema@https://registry.npmjs.org/@eslint/object-schema/-/object-schema-2.1.7.tgz. Extracting by manifest.
2411 silly tarball no local data for fast-json-stable-stringify@https://registry.npmjs.org/fast-json-stable-stringify/-/fast-json-stable-stringify-2.1.0.tgz. Extracting by manifest.
2412 silly tarball no local data for natural-compare@https://registry.npmjs.org/natural-compare/-/natural-compare-1.4.0.tgz. Extracting by manifest.
2413 silly tarball no local data for js-yaml@https://registry.npmjs.org/js-yaml/-/js-yaml-4.3.2.tgz. Extracting by manifest.
2414 silly tarball no local data for import-fresh@https://registry.npmjs.org/import-fresh/-/import-fresh-3.3.1.tgz. Extracting by manifest.
2415 silly tarball no local data for json-schema-traverse@https://registry.npmjs.org/json-schema-traverse/-/json-schema-traverse-0.4.1.tgz. Extracting by manifest.
2416 silly tarball no local data for lodash.merge@https://registry.npmjs.org/lodash.merge/-/lodash.merge-4.6.2.tgz. Extracting by manifest.
2417 silly tarball no local data for minimatch@https://registry.npmjs.org/minimatch/-/minimatch-3.1.5.tgz. Extracting by manifest.
2418 silly tarball no local data for optionator@https://registry.npmjs.org/optionator/-/optionator-0.9.4.tgz. Extracting by manifest.
2419 silly tarball no local data for imurmurhash@https://registry.npmjs.org/imurmurhash/-/imurmurhash-0.1.4.tgz. Extracting by manifest.
2420 silly tarball no local data for json-stable-stringify-without-jsonify@https://registry.npmjs.org/json-stable-stringify-without-jsonify/-/json-stable-stringify-without-jsonify-1.0.1.tgz. Extracting by manifest.
2421 silly tarball no local data for glob-parent@https://registry.npmjs.org/glob-parent/-/glob-parent-6.0.2.tgz. Extracting by manifest.
2422 silly tarball no local data for file-entry-cache@https://registry.npmjs.org/file-entry-cache/-/file-entry-cache-8.0.0.tgz. Extracting by manifest.
2423 silly tarball no local data for fast-deep-equal@https://registry.npmjs.org/fast-deep-equal/-/fast-deep-equal-3.1.3.tgz. Extracting by manifest.
2424 silly tarball no local data for esutils@https://registry.npmjs.org/esutils/-/esutils-2.0.3.tgz. Extracting by manifest.
2425 silly tarball no local data for find-up@https://registry.npmjs.org/find-up/-/find-up-5.0.0.tgz. Extracting by manifest.
2426 silly tarball no local data for is-glob@https://registry.npmjs.org/is-glob/-/is-glob-4.0.3.tgz. Extracting by manifest.
2427 silly tarball no local data for esquery@https://registry.npmjs.org/esquery/-/esquery-1.7.0.tgz. Extracting by manifest.
2428 silly tarball no local data for ignore@https://registry.npmjs.org/ignore/-/ignore-5.3.2.tgz. Extracting by manifest.
2429 silly tarball no local data for espree@https://registry.npmjs.org/espree/-/espree-10.4.0.tgz. Extracting by manifest.
2430 silly tarball no local data for eslint-visitor-keys@https://registry.npmjs.org/eslint-visitor-keys/-/eslint-visitor-keys-4.2.1.tgz. Extracting by manifest.
2431 silly tarball no local data for eslint-scope@https://registry.npmjs.org/eslint-scope/-/eslint-scope-8.4.0.tgz. Extracting by manifest.
2432 silly tarball no local data for cross-spawn@https://registry.npmjs.org/cross-spawn/-/cross-spawn-7.0.6.tgz. Extracting by manifest.
2433 silly tarball no local data for debug@https://registry.npmjs.org/debug/-/debug-4.4.3.tgz. Extracting by manifest.
2434 silly tarball no local data for escape-string-regexp@https://registry.npmjs.org/escape-string-regexp/-/escape-string-regexp-4.0.0.tgz. Extracting by manifest.
2435 silly tarball no local data for chalk@https://registry.npmjs.org/chalk/-/chalk-4.1.2.tgz. Extracting by manifest.
2436 silly tarball no local data for ajv@https://registry.npmjs.org/ajv/-/ajv-6.15.0.tgz. Extracting by manifest.
2437 silly tarball no local data for @humanfs/node@https://registry.npmjs.org/@humanfs/node/-/node-0.16.8.tgz. Extracting by manifest.
2438 silly tarball no local data for @humanwhocodes/retry@https://registry.npmjs.org/@humanwhocodes/retry/-/retry-0.4.3.tgz. Extracting by manifest.
2439 silly tarball no local data for @types/estree@https://registry.npmjs.org/@types/estree/-/estree-1.0.9.tgz. Extracting by manifest.
2440 silly tarball no local data for @eslint/config-helpers@https://registry.npmjs.org/@eslint/config-helpers/-/config-helpers-0.4.2.tgz. Extracting by manifest.
2441 silly tarball no local data for @eslint/eslintrc@https://registry.npmjs.org/@eslint/eslintrc/-/eslintrc-3.3.7.tgz. Extracting by manifest.
2442 silly tarball no local data for @humanwhocodes/module-importer@https://registry.npmjs.org/@humanwhocodes/module-importer/-/module-importer-1.0.1.tgz. Extracting by manifest.
2443 silly tarball no local data for @eslint-community/regexpp@https://registry.npmjs.org/@eslint-community/regexpp/-/regexpp-4.12.2.tgz. Extracting by manifest.
2444 silly tarball no local data for @eslint/core@https://registry.npmjs.org/@eslint/core/-/core-0.17.0.tgz. Extracting by manifest.
2445 silly tarball no local data for @eslint-community/eslint-utils@https://registry.npmjs.org/@eslint-community/eslint-utils/-/eslint-utils-4.10.1.tgz. Extracting by manifest.
2446 silly tarball no local data for @eslint/plugin-kit@https://registry.npmjs.org/@eslint/plugin-kit/-/plugin-kit-0.4.1.tgz. Extracting by manifest.
2447 silly tarball no local data for @eslint/config-array@https://registry.npmjs.org/@eslint/config-array/-/config-array-0.21.2.tgz. Extracting by manifest.
2448 silly tarball no local data for stylelint@https://registry.npmjs.org/stylelint/-/stylelint-16.26.1.tgz. Extracting by manifest.
2449 silly tarball no local data for madge@https://registry.npmjs.org/madge/-/madge-8.0.0.tgz. Extracting by manifest.
2450 silly tarball no local data for stylelint-config-recommended@https://registry.npmjs.org/stylelint-config-recommended/-/stylelint-config-recommended-17.0.0.tgz. Extracting by manifest.
2451 silly tarball no local data for globals@https://registry.npmjs.org/globals/-/globals-16.5.0.tgz. Extracting by manifest.
2452 silly tarball no local data for esbuild@https://registry.npmjs.org/esbuild/-/esbuild-0.25.12.tgz. Extracting by manifest.
2453 silly tarball no local data for htmlhint@https://registry.npmjs.org/htmlhint/-/htmlhint-1.9.2.tgz. Extracting by manifest.
2454 silly tarball no local data for @esbuild/win32-x64@https://registry.npmjs.org/@esbuild/win32-x64/-/win32-x64-0.25.12.tgz. Extracting by manifest.
2455 silly tarball no local data for fs-extra@https://registry.npmjs.org/fs-extra/-/fs-extra-11.4.1.tgz. Extracting by manifest.
2456 silly tarball no local data for @eslint/js@https://registry.npmjs.org/@eslint/js/-/js-9.39.5.tgz. Extracting by manifest.
2457 silly tarball no local data for eslint@https://registry.npmjs.org/eslint/-/eslint-9.39.5.tgz. Extracting by manifest.
2458 silly tarball no local data for keyv@https://registry.npmjs.org/keyv/-/keyv-5.6.0.tgz. Extracting by manifest.
2459 silly tarball no local data for hookified@https://registry.npmjs.org/hookified/-/hookified-2.2.0.tgz. Extracting by manifest.
2460 silly tarball no local data for keyv@https://registry.npmjs.org/keyv/-/keyv-5.6.0.tgz. Extracting by manifest.
2461 silly tarball no local data for keyv@https://registry.npmjs.org/keyv/-/keyv-5.6.0.tgz. Extracting by manifest.
2462 silly tarball no local data for json-schema-traverse@https://registry.npmjs.org/json-schema-traverse/-/json-schema-traverse-1.0.0.tgz. Extracting by manifest.
2463 silly tarball no local data for @keyv/bigmap@https://registry.npmjs.org/@keyv/bigmap/-/bigmap-1.3.1.tgz. Extracting by manifest.
2464 silly tarball no local data for signal-exit@https://registry.npmjs.org/signal-exit/-/signal-exit-4.1.0.tgz. Extracting by manifest.
2465 silly tarball no local data for balanced-match@https://registry.npmjs.org/balanced-match/-/balanced-match-4.0.4.tgz. Extracting by manifest.
2466 silly tarball no local data for glob-parent@https://registry.npmjs.org/glob-parent/-/glob-parent-5.1.2.tgz. Extracting by manifest.
2467 silly tarball no local data for ajv@https://registry.npmjs.org/ajv/-/ajv-8.20.0.tgz. Extracting by manifest.
2468 silly tarball no local data for which@https://registry.npmjs.org/which/-/which-1.3.1.tgz. Extracting by manifest.
2469 silly tarball no local data for minimatch@https://registry.npmjs.org/minimatch/-/minimatch-10.2.6.tgz. Extracting by manifest.
2470 silly tarball no local data for commander@https://registry.npmjs.org/commander/-/commander-12.1.0.tgz. Extracting by manifest.
2471 silly tarball no local data for eslint-visitor-keys@https://registry.npmjs.org/eslint-visitor-keys/-/eslint-visitor-keys-5.0.1.tgz. Extracting by manifest.
2472 silly tarball no local data for commander@https://registry.npmjs.org/commander/-/commander-12.1.0.tgz. Extracting by manifest.
2473 silly tarball no local data for commander@https://registry.npmjs.org/commander/-/commander-12.1.0.tgz. Extracting by manifest.
2474 silly tarball no local data for picomatch@https://registry.npmjs.org/picomatch/-/picomatch-4.0.7.tgz. Extracting by manifest.
2475 silly tarball no local data for fdir@https://registry.npmjs.org/fdir/-/fdir-6.5.0.tgz. Extracting by manifest.
2476 silly tarball no local data for commander@https://registry.npmjs.org/commander/-/commander-12.1.0.tgz. Extracting by manifest.
2477 silly tarball no local data for brace-expansion@https://registry.npmjs.org/brace-expansion/-/brace-expansion-5.0.12.tgz. Extracting by manifest.
2478 silly tarball no local data for commander@https://registry.npmjs.org/commander/-/commander-12.1.0.tgz. Extracting by manifest.
2479 silly tarball no local data for minimatch@https://registry.npmjs.org/minimatch/-/minimatch-10.2.6.tgz. Extracting by manifest.
2480 silly tarball no local data for eslint-visitor-keys@https://registry.npmjs.org/eslint-visitor-keys/-/eslint-visitor-keys-3.4.3.tgz. Extracting by manifest.
2481 silly tarball no local data for strip-json-comments@https://registry.npmjs.org/strip-json-comments/-/strip-json-comments-2.0.1.tgz. Extracting by manifest.
2482 silly tarball no local data for flat-cache@https://registry.npmjs.org/flat-cache/-/flat-cache-6.1.23.tgz. Extracting by manifest.
2483 silly tarball no local data for balanced-match@https://registry.npmjs.org/balanced-match/-/balanced-match-4.0.4.tgz. Extracting by manifest.
2484 silly tarball no local data for brace-expansion@https://registry.npmjs.org/brace-expansion/-/brace-expansion-5.0.12.tgz. Extracting by manifest.
2485 silly tarball no local data for resolve-from@https://registry.npmjs.org/resolve-from/-/resolve-from-5.0.0.tgz. Extracting by manifest.
2486 silly tarball no local data for commander@https://registry.npmjs.org/commander/-/commander-12.1.0.tgz. Extracting by manifest.
2487 silly tarball no local data for ignore@https://registry.npmjs.org/ignore/-/ignore-7.0.10.tgz. Extracting by manifest.
2488 silly tarball no local data for file-entry-cache@https://registry.npmjs.org/file-entry-cache/-/file-entry-cache-11.1.5.tgz. Extracting by manifest.
2489 silly tarball no local data for globals@https://registry.npmjs.org/globals/-/globals-14.0.0.tgz. Extracting by manifest.
2490 silly tarball no local data for commander@https://registry.npmjs.org/commander/-/commander-7.2.0.tgz. Extracting by manifest.
2491 silly tarball no local data for balanced-match@https://registry.npmjs.org/balanced-match/-/balanced-match-2.0.0.tgz. Extracting by manifest.
2492 http fetch POST 200 https://registry.npmjs.org/-/npm/v1/security/advisories/bulk 704ms
2493 silly audit report {}
2494 http fetch GET 200 https://registry.npmjs.org/@keyv/serialize/-/serialize-1.1.1.tgz 640ms (cache miss)
2495 http fetch GET 200 https://registry.npmjs.org/require-from-string/-/require-from-string-2.0.2.tgz 663ms (cache miss)
2496 http fetch GET 200 https://registry.npmjs.org/defaults/-/defaults-1.0.4.tgz 666ms (cache miss)
2497 http fetch GET 200 https://registry.npmjs.org/@ts-graphviz/core/-/core-2.0.7.tgz 691ms (cache miss)
2498 http fetch GET 200 https://registry.npmjs.org/isexe/-/isexe-2.0.0.tgz 700ms (cache miss)
2499 http fetch GET 200 https://registry.npmjs.org/astral-regex/-/astral-regex-2.0.0.tgz 698ms (cache miss)
2500 http fetch GET 200 https://registry.npmjs.org/is-fullwidth-code-point/-/is-fullwidth-code-point-3.0.0.tgz 721ms (cache miss)
2501 http fetch GET 200 https://registry.npmjs.org/emoji-regex/-/emoji-regex-8.0.0.tgz 721ms (cache miss)
2502 http fetch GET 200 https://registry.npmjs.org/lodash.truncate/-/lodash.truncate-4.4.2.tgz 732ms (cache miss)
2503 http fetch GET 200 https://registry.npmjs.org/js-tokens/-/js-tokens-4.0.0.tgz 731ms (cache miss)
2504 http fetch GET 200 https://registry.npmjs.org/is-number/-/is-number-7.0.0.tgz 744ms (cache miss)
2505 http fetch GET 200 https://registry.npmjs.org/queue-microtask/-/queue-microtask-1.2.3.tgz 740ms (cache miss)
2506 http fetch GET 200 https://registry.npmjs.org/is-arrayish/-/is-arrayish-0.2.1.tgz 764ms (cache miss)
2507 http fetch GET 200 https://registry.npmjs.org/json-parse-even-better-errors/-/json-parse-even-better-errors-2.3.1.tgz 765ms (cache miss)
2508 http fetch GET 200 https://registry.npmjs.org/lines-and-columns/-/lines-and-columns-1.2.4.tgz 764ms (cache miss)
2509 http fetch GET 200 https://registry.npmjs.org/cssesc/-/cssesc-3.0.0.tgz 768ms (cache miss)
2510 http fetch GET 200 https://registry.npmjs.org/slice-ansi/-/slice-ansi-4.0.0.tgz 784ms (cache miss)
2511 http fetch GET 200 https://registry.npmjs.org/error-ex/-/error-ex-1.3.4.tgz 812ms (cache miss)
2512 http fetch GET 200 https://registry.npmjs.org/array-union/-/array-union-2.1.0.tgz 860ms (cache miss)
2513 http fetch GET 200 https://registry.npmjs.org/strip-bom/-/strip-bom-3.0.0.tgz 888ms (cache miss)
2514 http fetch GET 200 https://registry.npmjs.org/to-regex-range/-/to-regex-range-5.0.1.tgz 873ms (cache miss)
2515 http fetch GET 200 https://registry.npmjs.org/@babel/code-frame/-/code-frame-7.29.7.tgz 878ms (cache miss)
2516 http fetch GET 200 https://registry.npmjs.org/dir-glob/-/dir-glob-3.0.1.tgz 872ms (cache miss)
2517 http fetch GET 200 https://registry.npmjs.org/path-type/-/path-type-4.0.0.tgz 875ms (cache miss)
2518 http fetch GET 200 https://registry.npmjs.org/kind-of/-/kind-of-6.0.3.tgz 873ms (cache miss)
2519 http fetch GET 200 https://registry.npmjs.org/fill-range/-/fill-range-7.1.1.tgz 953ms (cache miss)
2520 http fetch GET 200 https://registry.npmjs.org/run-parallel/-/run-parallel-1.2.0.tgz 962ms (cache miss)
2521 http fetch GET 200 https://registry.npmjs.org/global-prefix/-/global-prefix-3.0.0.tgz 972ms (cache miss)
2522 http fetch GET 200 https://registry.npmjs.org/@nodelib/fs.stat/-/fs.stat-2.0.5.tgz 981ms (cache miss)
2523 http fetch GET 200 https://registry.npmjs.org/@nodelib/fs.walk/-/fs.walk-1.2.8.tgz 989ms (cache miss)
2524 http fetch GET 200 https://registry.npmjs.org/slash/-/slash-3.0.0.tgz 1006ms (cache miss)
2525 http fetch GET 200 https://registry.npmjs.org/merge2/-/merge2-1.4.1.tgz 1014ms (cache miss)
2526 http fetch GET 200 https://registry.npmjs.org/@nodelib/fs.scandir/-/fs.scandir-2.1.5.tgz 1041ms (cache miss)
2527 http fetch GET 200 https://registry.npmjs.org/parse-json/-/parse-json-5.2.0.tgz 1043ms (cache miss)
2528 http fetch GET 200 https://registry.npmjs.org/supports-hyperlinks/-/supports-hyperlinks-3.2.0.tgz 1062ms (cache miss)
2529 http fetch GET 200 https://registry.npmjs.org/qified/-/qified-0.10.1.tgz 1110ms (cache miss)
2530 http fetch GET 200 https://registry.npmjs.org/punycode/-/punycode-2.3.1.tgz 1115ms (cache miss)
2531 http fetch GET 200 https://registry.npmjs.org/@ts-graphviz/adapter/-/adapter-2.0.6.tgz 1131ms (cache miss)
2532 http fetch GET 200 https://registry.npmjs.org/has-flag/-/has-flag-4.0.0.tgz 1100ms (cache miss)
2533 http fetch GET 200 https://registry.npmjs.org/clone/-/clone-1.0.4.tgz 1145ms (cache miss)
2534 http fetch GET 200 https://registry.npmjs.org/string-width/-/string-width-4.2.3.tgz 1121ms (cache miss)
2535 http fetch GET 200 https://registry.npmjs.org/write-file-atomic/-/write-file-atomic-5.0.1.tgz 1125ms (cache miss)
2536 http fetch GET 200 https://registry.npmjs.org/@cacheable/memory/-/memory-2.2.0.tgz 1179ms (cache miss)
2537 http fetch GET 200 https://registry.npmjs.org/mathml-tag-names/-/mathml-tag-names-2.1.3.tgz 1123ms (cache miss)
2538 http fetch GET 200 https://registry.npmjs.org/globjoin/-/globjoin-0.1.4.tgz 1131ms (cache miss)
2539 http fetch GET 200 https://registry.npmjs.org/global-modules/-/global-modules-2.0.0.tgz 1133ms (cache miss)
2540 http fetch GET 200 https://registry.npmjs.org/normalize-path/-/normalize-path-3.0.0.tgz 1136ms (cache miss)
2541 http fetch GET 200 https://registry.npmjs.org/globby/-/globby-11.1.0.tgz 1146ms (cache miss)
2542 http fetch GET 200 https://registry.npmjs.org/postcss-resolve-nested-selector/-/postcss-resolve-nested-selector-0.1.6.tgz 1158ms (cache miss)
2543 http fetch GET 200 https://registry.npmjs.org/env-paths/-/env-paths-2.2.1.tgz 1170ms (cache miss)
2544 http fetch GET 200 https://registry.npmjs.org/svg-tags/-/svg-tags-1.0.0.tgz 1201ms (cache miss)
2545 http fetch GET 200 https://registry.npmjs.org/css-functions-list/-/css-functions-list-3.3.3.tgz 1201ms (cache miss)
2546 http fetch GET 200 https://registry.npmjs.org/@cacheable/utils/-/utils-2.5.0.tgz 1281ms (cache miss)
2547 http fetch GET 200 https://registry.npmjs.org/ansi-regex/-/ansi-regex-5.0.1.tgz 1226ms (cache miss)
2548 http fetch GET 200 https://registry.npmjs.org/is-regexp/-/is-regexp-1.0.0.tgz 1225ms (cache miss)
2549 http fetch GET 200 https://registry.npmjs.org/micromatch/-/micromatch-4.0.8.tgz 1242ms (cache miss)
2550 http fetch GET 200 https://registry.npmjs.org/cacheable/-/cacheable-2.5.0.tgz 1322ms (cache miss)
2551 http fetch GET 200 https://registry.npmjs.org/@csstools/css-tokenizer/-/css-tokenizer-3.0.4.tgz 1284ms (cache miss)
2552 http fetch GET 200 https://registry.npmjs.org/fastest-levenshtein/-/fastest-levenshtein-1.0.16.tgz 1307ms (cache miss)
2553 http fetch GET 200 https://registry.npmjs.org/@csstools/css-parser-algorithms/-/css-parser-algorithms-3.0.5.tgz 1303ms (cache miss)
2554 http fetch GET 200 https://registry.npmjs.org/any-promise/-/any-promise-1.3.0.tgz 1327ms (cache miss)
2555 http fetch GET 200 https://registry.npmjs.org/safe-buffer/-/safe-buffer-5.2.1.tgz 1331ms (cache miss)
2556 http fetch GET 200 https://registry.npmjs.org/is-obj/-/is-obj-1.0.1.tgz 1351ms (cache miss)
2557 http fetch GET 200 https://registry.npmjs.org/function-bind/-/function-bind-1.1.2.tgz 1344ms (cache miss)
2558 http fetch GET 200 https://registry.npmjs.org/onetime/-/onetime-5.1.2.tgz 1346ms (cache miss)
2559 http fetch GET 200 https://registry.npmjs.org/es-errors/-/es-errors-1.3.0.tgz 1369ms (cache miss)
2560 http fetch GET 200 https://registry.npmjs.org/shebang-regex/-/shebang-regex-3.0.0.tgz 1384ms (cache miss)
2561 http fetch GET 200 https://registry.npmjs.org/path-parse/-/path-parse-1.0.7.tgz 1427ms (cache miss)
2562 http fetch GET 200 https://registry.npmjs.org/is-plain-object/-/is-plain-object-5.1.0.tgz 1468ms (cache miss)
2563 http fetch GET 200 https://registry.npmjs.org/util-deprecate/-/util-deprecate-1.0.2.tgz 1439ms (cache miss)
2564 http fetch GET 200 https://registry.npmjs.org/supports-preserve-symlinks-flag/-/supports-preserve-symlinks-flag-1.0.0.tgz 1440ms (cache miss)
2565 http fetch GET 200 https://registry.npmjs.org/quote-unquote/-/quote-unquote-1.0.0.tgz 1436ms (cache miss)
2566 http fetch GET 200 https://registry.npmjs.org/hasown/-/hasown-2.0.4.tgz 1463ms (cache miss)
2567 http fetch GET 200 https://registry.npmjs.org/string_decoder/-/string_decoder-1.3.0.tgz 1459ms (cache miss)
2568 http fetch GET 200 https://registry.npmjs.org/mimic-fn/-/mimic-fn-2.1.0.tgz 1512ms (cache miss)
2569 http fetch GET 200 https://registry.npmjs.org/get-own-enumerable-property-symbols/-/get-own-enumerable-property-symbols-3.0.2.tgz 1512ms (cache miss)
2570 http fetch GET 200 https://registry.npmjs.org/ini/-/ini-1.3.8.tgz 1506ms (cache miss)
2571 http fetch GET 200 https://registry.npmjs.org/parse-ms/-/parse-ms-2.1.0.tgz 1506ms (cache miss)
2572 http fetch GET 200 https://registry.npmjs.org/signal-exit/-/signal-exit-3.0.7.tgz 1558ms (cache miss)
2573 http fetch GET 200 https://registry.npmjs.org/postcss-safe-parser/-/postcss-safe-parser-7.1.0.tgz 1587ms (cache miss)
2574 http fetch GET 200 https://registry.npmjs.org/picocolors/-/picocolors-1.1.1.tgz 1577ms (cache miss)
2575 http fetch GET 200 https://registry.npmjs.org/is-core-module/-/is-core-module-2.17.0.tgz 2491ms (cache miss)
2576 http fetch GET 200 https://registry.npmjs.org/known-css-properties/-/known-css-properties-0.37.0.tgz 2602ms (cache miss)
2577 http fetch GET 200 https://registry.npmjs.org/stringify-object/-/stringify-object-3.3.0.tgz 2572ms (cache miss)
2578 http fetch GET 200 https://registry.npmjs.org/is-url-superb/-/is-url-superb-4.0.0.tgz 2667ms (cache miss)
2579 http fetch GET 200 https://registry.npmjs.org/@typescript-eslint/project-service/-/project-service-8.71.0.tgz 2670ms (cache miss)
2580 http fetch GET 200 https://registry.npmjs.org/@typescript-eslint/tsconfig-utils/-/tsconfig-utils-8.71.0.tgz 2674ms (cache miss)
2581 http fetch GET 200 https://registry.npmjs.org/@typescript-eslint/visitor-keys/-/visitor-keys-8.71.0.tgz 2669ms (cache miss)
2582 http fetch GET 200 https://registry.npmjs.org/html-tags/-/html-tags-3.3.1.tgz 2786ms (cache miss)
2583 http fetch GET 200 https://registry.npmjs.org/get-amd-module-type/-/get-amd-module-type-6.0.2.tgz 2909ms (cache miss)
2584 http fetch GET 200 https://registry.npmjs.org/detective-typescript/-/detective-typescript-14.1.2.tgz 2965ms (cache miss)
2585 http fetch GET 200 https://registry.npmjs.org/deep-extend/-/deep-extend-0.6.0.tgz 2995ms (cache miss)
2586 http fetch GET 200 https://registry.npmjs.org/picomatch/-/picomatch-2.3.2.tgz 3061ms (cache miss)
2587 http fetch GET 200 https://registry.npmjs.org/detective-stylus/-/detective-stylus-5.0.1.tgz 2995ms (cache miss)
2588 http fetch GET 200 https://registry.npmjs.org/detective-postcss/-/detective-postcss-8.0.4.tgz 2992ms (cache miss)
2589 http fetch GET 200 https://registry.npmjs.org/detective-cjs/-/detective-cjs-6.1.1.tgz 2992ms (cache miss)
2590 http fetch GET 200 https://registry.npmjs.org/detective-es6/-/detective-es6-5.0.2.tgz 3038ms (cache miss)
2591 http fetch GET 200 https://registry.npmjs.org/detective-sass/-/detective-sass-6.0.2.tgz 3042ms (cache miss)
2592 http fetch GET 200 https://registry.npmjs.org/@csstools/css-syntax-patches-for-csstree/-/css-syntax-patches-for-csstree-1.1.14.tgz 3094ms (cache miss)
2593 http fetch GET 200 https://registry.npmjs.org/restore-cursor/-/restore-cursor-3.1.0.tgz 3131ms (cache miss)
2594 http fetch GET 200 https://registry.npmjs.org/@vue/compiler-ssr/-/compiler-ssr-3.5.43.tgz 3166ms (cache miss)
2595 http fetch GET 200 https://registry.npmjs.org/detective-scss/-/detective-scss-5.0.2.tgz 3148ms (cache miss)
2596 http fetch GET 200 https://registry.npmjs.org/detective-vue2/-/detective-vue2-2.3.0.tgz 3153ms (cache miss)
2597 http fetch GET 200 https://registry.npmjs.org/@csstools/selector-specificity/-/selector-specificity-5.0.0.tgz 3204ms (cache miss)
2598 http fetch GET 200 https://registry.npmjs.org/base64-js/-/base64-js-1.5.1.tgz 3217ms (cache miss)
2599 http fetch GET 200 https://registry.npmjs.org/braces/-/braces-3.0.3.tgz 3325ms (cache miss)
2600 http fetch GET 200 https://registry.npmjs.org/@dependents/detective-less/-/detective-less-5.0.3.tgz 3239ms (cache miss)
2601 http fetch GET 200 https://registry.npmjs.org/ieee754/-/ieee754-1.2.1.tgz 3264ms (cache miss)
2602 http fetch GET 200 https://registry.npmjs.org/yocto-queue/-/yocto-queue-0.1.0.tgz 3276ms (cache miss)
2603 http fetch GET 200 https://registry.npmjs.org/inherits/-/inherits-2.0.4.tgz 3272ms (cache miss)
2604 http fetch GET 200 https://registry.npmjs.org/log-symbols/-/log-symbols-4.1.0.tgz 3272ms (cache miss)
2605 http fetch GET 200 https://registry.npmjs.org/is-interactive/-/is-interactive-1.0.0.tgz 3274ms (cache miss)
2606 http fetch GET 200 https://registry.npmjs.org/strip-ansi/-/strip-ansi-6.0.1.tgz 3355ms (cache miss)
2607 http fetch GET 200 https://registry.npmjs.org/cli-cursor/-/cli-cursor-3.1.0.tgz 3354ms (cache miss)
2608 http fetch GET 200 https://registry.npmjs.org/@babel/helper-validator-identifier/-/helper-validator-identifier-7.29.7.tgz 3362ms (cache miss)
2609 http fetch GET 200 https://registry.npmjs.org/wcwidth/-/wcwidth-1.0.1.tgz 3370ms (cache miss)
2610 http fetch GET 200 https://registry.npmjs.org/requirejs-config-file/-/requirejs-config-file-4.0.0.tgz 3409ms (cache miss)
2611 http fetch GET 200 https://registry.npmjs.org/deep-is/-/deep-is-0.1.4.tgz 3413ms (cache miss)
2612 http fetch GET 200 https://registry.npmjs.org/detective-amd/-/detective-amd-6.1.0.tgz 3436ms (cache miss)
2613 http fetch GET 200 https://registry.npmjs.org/cli-spinners/-/cli-spinners-2.9.2.tgz 3462ms (cache miss)
2614 http fetch GET 200 https://registry.npmjs.org/p-limit/-/p-limit-3.1.0.tgz 3522ms (cache miss)
2615 http fetch GET 200 https://registry.npmjs.org/balanced-match/-/balanced-match-1.0.2.tgz 3502ms (cache miss)
2616 http fetch GET 200 https://registry.npmjs.org/module-definition/-/module-definition-6.0.2.tgz 3498ms (cache miss)
2617 http fetch GET 200 https://registry.npmjs.org/node-source-walk/-/node-source-walk-7.0.2.tgz 3507ms (cache miss)
2618 http fetch GET 200 https://registry.npmjs.org/callsites/-/callsites-3.1.0.tgz 3546ms (cache miss)
2619 http fetch GET 200 https://registry.npmjs.org/stylus-lookup/-/stylus-lookup-6.1.2.tgz 3508ms (cache miss)
2620 http fetch GET 200 https://registry.npmjs.org/concat-map/-/concat-map-0.0.1.tgz 3547ms (cache miss)
2621 http fetch GET 200 https://registry.npmjs.org/ast-module-types/-/ast-module-types-6.0.2.tgz 3556ms (cache miss)
2622 http fetch GET 200 https://registry.npmjs.org/is-unicode-supported/-/is-unicode-supported-0.1.0.tgz 3596ms (cache miss)
2623 http fetch GET 200 https://registry.npmjs.org/precinct/-/precinct-12.3.2.tgz 3567ms (cache miss)
2624 http fetch GET 200 https://registry.npmjs.org/walkdir/-/walkdir-0.4.1.tgz 3566ms (cache miss)
2625 http fetch GET 200 https://registry.npmjs.org/stream-to-array/-/stream-to-array-2.3.0.tgz 3565ms (cache miss)
2626 http fetch GET 200 https://registry.npmjs.org/type-check/-/type-check-0.4.0.tgz 3561ms (cache miss)
2627 http fetch GET 200 https://registry.npmjs.org/rc/-/rc-1.2.8.tgz 3565ms (cache miss)
2628 http fetch GET 200 https://registry.npmjs.org/is-extglob/-/is-extglob-2.1.1.tgz 3557ms (cache miss)
2629 http fetch GET 200 https://registry.npmjs.org/p-locate/-/p-locate-5.0.0.tgz 3565ms (cache miss)
2630 http fetch GET 200 https://registry.npmjs.org/jsonfile/-/jsonfile-6.2.1.tgz 3554ms (cache miss)
2631 http fetch GET 200 https://registry.npmjs.org/parent-module/-/parent-module-1.0.1.tgz 3562ms (cache miss)
2632 http fetch GET 200 https://registry.npmjs.org/universalify/-/universalify-2.0.1.tgz 3573ms (cache miss)
2633 http fetch GET 200 https://registry.npmjs.org/resolve-from/-/resolve-from-4.0.0.tgz 3581ms (cache miss)
2634 http fetch GET 200 https://registry.npmjs.org/flatted/-/flatted-3.4.4.tgz 3580ms (cache miss)
2635 http fetch GET 200 https://registry.npmjs.org/estraverse/-/estraverse-5.3.0.tgz 3581ms (cache miss)
2636 http fetch GET 200 https://registry.npmjs.org/path-key/-/path-key-3.1.1.tgz 3580ms (cache miss)
2637 http fetch GET 200 https://registry.npmjs.org/ms/-/ms-2.1.3.tgz 3583ms (cache miss)
2638 http fetch GET 200 https://registry.npmjs.org/@humanfs/types/-/types-0.15.0.tgz 3585ms (cache miss)
2639 http fetch GET 200 https://registry.npmjs.org/ansi-styles/-/ansi-styles-4.3.0.tgz 3596ms (cache miss)
2640 http fetch GET 200 https://registry.npmjs.org/shebang-command/-/shebang-command-2.0.0.tgz 3600ms (cache miss)
2641 http fetch GET 200 https://registry.npmjs.org/which/-/which-2.0.2.tgz 3599ms (cache miss)
2642 http fetch GET 200 https://registry.npmjs.org/color-name/-/color-name-1.1.4.tgz 3601ms (cache miss)
2643 http fetch GET 200 https://registry.npmjs.org/strip-json-comments/-/strip-json-comments-3.1.1.tgz 3596ms (cache miss)
2644 http fetch GET 200 https://registry.npmjs.org/levn/-/levn-0.4.1.tgz 3598ms (cache miss)
2645 http fetch GET 200 https://registry.npmjs.org/json-schema-traverse/-/json-schema-traverse-0.4.1.tgz 3591ms (cache miss)
2646 http fetch GET 200 https://registry.npmjs.org/json-stable-stringify-without-jsonify/-/json-stable-stringify-without-jsonify-1.0.1.tgz 3586ms (cache miss)
2647 http fetch GET 200 https://registry.npmjs.org/file-entry-cache/-/file-entry-cache-8.0.0.tgz 3584ms (cache miss)
2648 http fetch GET 200 https://registry.npmjs.org/import-fresh/-/import-fresh-3.3.1.tgz 3593ms (cache miss)
2649 http fetch GET 200 https://registry.npmjs.org/is-glob/-/is-glob-4.0.3.tgz 3581ms (cache miss)
2650 http fetch GET 200 https://registry.npmjs.org/fast-deep-equal/-/fast-deep-equal-3.1.3.tgz 3584ms (cache miss)
2651 http fetch GET 200 https://registry.npmjs.org/esutils/-/esutils-2.0.3.tgz 3584ms (cache miss)
2652 http fetch GET 200 https://registry.npmjs.org/cross-spawn/-/cross-spawn-7.0.6.tgz 3579ms (cache miss)
2653 http fetch GET 200 https://registry.npmjs.org/chalk/-/chalk-4.1.2.tgz 3577ms (cache miss)
2654 http fetch GET 200 https://registry.npmjs.org/@eslint/config-helpers/-/config-helpers-0.4.2.tgz 3574ms (cache miss)
2655 http fetch GET 200 https://registry.npmjs.org/@types/estree/-/estree-1.0.9.tgz 3576ms (cache miss)
2656 http fetch GET 200 https://registry.npmjs.org/@humanwhocodes/retry/-/retry-0.4.3.tgz 3581ms (cache miss)
2657 http fetch GET 200 https://registry.npmjs.org/@humanwhocodes/module-importer/-/module-importer-1.0.1.tgz 3582ms (cache miss)
2658 http fetch GET 200 https://registry.npmjs.org/brace-expansion/-/brace-expansion-1.1.21.tgz 3691ms (cache miss)
2659 http fetch GET 200 https://registry.npmjs.org/@eslint/js/-/js-9.39.5.tgz 3581ms (cache miss)
2660 http fetch GET 200 https://registry.npmjs.org/resolve-dependency-path/-/resolve-dependency-path-4.0.1.tgz 3694ms (cache miss)
2661 http fetch GET 200 https://registry.npmjs.org/sass-lookup/-/sass-lookup-6.1.2.tgz 3693ms (cache miss)
2662 http fetch GET 200 https://registry.npmjs.org/word-wrap/-/word-wrap-1.2.5.tgz 3713ms (cache miss)
2663 http fetch GET 200 https://registry.npmjs.org/imurmurhash/-/imurmurhash-0.1.4.tgz 3630ms (cache miss)
2664 http fetch GET 200 https://registry.npmjs.org/fast-levenshtein/-/fast-levenshtein-2.0.6.tgz 3732ms (cache miss)
2665 http fetch GET 200 https://registry.npmjs.org/@keyv/bigmap/-/bigmap-1.3.1.tgz 3611ms (cache miss)
2666 http fetch GET 200 https://registry.npmjs.org/which/-/which-1.3.1.tgz 3607ms (cache miss)
2667 http fetch GET 200 https://registry.npmjs.org/glob-parent/-/glob-parent-5.1.2.tgz 3610ms (cache miss)
2668 http fetch GET 200 https://registry.npmjs.org/dependency-tree/-/dependency-tree-11.5.0.tgz 3724ms (cache miss)
2669 http fetch GET 200 https://registry.npmjs.org/commondir/-/commondir-1.0.1.tgz 3727ms (cache miss)
2670 http fetch GET 200 https://registry.npmjs.org/pluralize/-/pluralize-8.0.0.tgz 3732ms (cache miss)
2671 http fetch GET 200 https://registry.npmjs.org/flat-cache/-/flat-cache-4.0.1.tgz 3742ms (cache miss)
2672 http fetch GET 200 https://registry.npmjs.org/path-exists/-/path-exists-4.0.0.tgz 3753ms (cache miss)
2673 http fetch GET 200 https://registry.npmjs.org/supports-color/-/supports-color-7.2.0.tgz 3745ms (cache miss)
2674 http fetch GET 200 https://registry.npmjs.org/natural-compare/-/natural-compare-1.4.0.tgz 3735ms (cache miss)
2675 http fetch GET 200 https://registry.npmjs.org/@types/json-schema/-/json-schema-7.0.15.tgz 3741ms (cache miss)
2676 http fetch GET 200 https://registry.npmjs.org/minimatch/-/minimatch-3.1.5.tgz 3730ms (cache miss)
2677 http fetch GET 200 https://registry.npmjs.org/eslint-visitor-keys/-/eslint-visitor-keys-4.2.1.tgz 3720ms (cache miss)
2678 http fetch GET 200 https://registry.npmjs.org/escape-string-regexp/-/escape-string-regexp-4.0.0.tgz 3716ms (cache miss)
2679 http fetch GET 200 https://registry.npmjs.org/stylelint-config-recommended/-/stylelint-config-recommended-17.0.0.tgz 3700ms (cache miss)
2680 http fetch GET 200 https://registry.npmjs.org/module-lookup-amd/-/module-lookup-amd-9.1.3.tgz 3800ms (cache miss)
2681 http fetch GET 200 https://registry.npmjs.org/argparse/-/argparse-2.0.1.tgz 3785ms (cache miss)
2682 http fetch GET 200 https://registry.npmjs.org/@types/sarif/-/sarif-2.1.7.tgz 3829ms (cache miss)
2683 http fetch GET 200 https://registry.npmjs.org/json-buffer/-/json-buffer-3.0.1.tgz 3789ms (cache miss)
2684 http fetch GET 200 https://registry.npmjs.org/strip-json-comments/-/strip-json-comments-2.0.1.tgz 3687ms (cache miss)
2685 http fetch GET 200 https://registry.npmjs.org/eslint-visitor-keys/-/eslint-visitor-keys-3.4.3.tgz 3690ms (cache miss)
2686 http fetch GET 200 https://registry.npmjs.org/flat-cache/-/flat-cache-6.1.23.tgz 3694ms (cache miss)
2687 http fetch GET 200 https://registry.npmjs.org/glob-parent/-/glob-parent-6.0.2.tgz 3757ms (cache miss)
2688 http fetch GET 200 https://registry.npmjs.org/find-up/-/find-up-5.0.0.tgz 3754ms (cache miss)
2689 http fetch GET 200 https://registry.npmjs.org/lodash.merge/-/lodash.merge-4.6.2.tgz 3764ms (cache miss)
2690 http fetch GET 200 https://registry.npmjs.org/@babel/helper-string-parser/-/helper-string-parser-7.29.7.tgz 3877ms (cache miss)
2691 http fetch GET 200 https://registry.npmjs.org/postcss-value-parser/-/postcss-value-parser-4.2.0.tgz 3972ms (cache miss)
2692 http fetch GET 200 https://registry.npmjs.org/brace-expansion/-/brace-expansion-5.0.12.tgz 3722ms (cache miss)
2693 http fetch GET 200 https://registry.npmjs.org/ora/-/ora-5.4.1.tgz 3838ms (cache miss)
2694 http fetch GET 200 https://registry.npmjs.org/pretty-ms/-/pretty-ms-7.0.1.tgz 3844ms (cache miss)
2695 http fetch GET 200 https://registry.npmjs.org/resolve-from/-/resolve-from-5.0.0.tgz 3730ms (cache miss)
2696 http fetch GET 200 https://registry.npmjs.org/esrecurse/-/esrecurse-4.3.0.tgz 3820ms (cache miss)
2697 http fetch GET 200 https://registry.npmjs.org/balanced-match/-/balanced-match-2.0.0.tgz 3726ms (cache miss)
2698 http fetch GET 200 https://registry.npmjs.org/@ts-graphviz/ast/-/ast-2.0.7.tgz 4066ms (cache miss)
2699 http fetch GET 200 https://registry.npmjs.org/locate-path/-/locate-path-6.0.0.tgz 3889ms (cache miss)
2700 http fetch GET 200 https://registry.npmjs.org/keyv/-/keyv-4.5.4.tgz 3902ms (cache miss)
2701 http fetch GET 200 https://registry.npmjs.org/escodegen/-/escodegen-2.1.0.tgz 4032ms (cache miss)
2702 http fetch GET 200 https://registry.npmjs.org/buffer/-/buffer-5.7.1.tgz 4046ms (cache miss)
2703 http fetch GET 200 https://registry.npmjs.org/balanced-match/-/balanced-match-4.0.4.tgz 3885ms (cache miss)
2704 http fetch GET 200 https://registry.npmjs.org/filing-cabinet/-/filing-cabinet-5.5.1.tgz 4016ms (cache miss)
2705 http fetch GET 200 https://registry.npmjs.org/tinyglobby/-/tinyglobby-0.2.17.tgz 4120ms (cache miss)
2706 http fetch GET 200 https://registry.npmjs.org/acorn-jsx/-/acorn-jsx-5.3.2.tgz 4065ms (cache miss)
2707 http fetch GET 200 https://registry.npmjs.org/ignore/-/ignore-5.3.2.tgz 4044ms (cache miss)
2708 http fetch GET 200 https://registry.npmjs.org/hookified/-/hookified-1.15.1.tgz 4402ms (cache miss)
2709 http fetch GET 200 https://registry.npmjs.org/graceful-fs/-/graceful-fs-4.2.11.tgz 4210ms (cache miss)
2710 http fetch GET 200 https://registry.npmjs.org/color-convert/-/color-convert-2.0.1.tgz 4207ms (cache miss)
2711 http fetch GET 200 https://registry.npmjs.org/reusify/-/reusify-1.1.0.tgz 4406ms (cache miss)
2712 http fetch GET 200 https://registry.npmjs.org/@ts-graphviz/common/-/common-2.1.5.tgz 4464ms (cache miss)
2713 http fetch GET 200 https://registry.npmjs.org/@vue/shared/-/shared-3.5.43.tgz 4363ms (cache miss)
2714 http fetch GET 200 https://registry.npmjs.org/@eslint/core/-/core-0.17.0.tgz 4221ms (cache miss)
2715 http fetch GET 200 https://registry.npmjs.org/esprima/-/esprima-4.0.1.tgz 4465ms (cache miss)
2716 http fetch GET 200 https://registry.npmjs.org/ignore/-/ignore-7.0.10.tgz 4261ms (cache miss)
2717 http fetch GET 200 https://registry.npmjs.org/globals/-/globals-14.0.0.tgz 4263ms (cache miss)
2718 http fetch GET 200 https://registry.npmjs.org/fastq/-/fastq-1.20.3.tgz 4559ms (cache miss)
2719 http fetch GET 200 https://registry.npmjs.org/debug/-/debug-4.4.3.tgz 4397ms (cache miss)
2720 http fetch GET 200 https://registry.npmjs.org/optionator/-/optionator-0.9.4.tgz 4413ms (cache miss)
2721 http fetch GET 200 https://registry.npmjs.org/globals/-/globals-16.5.0.tgz 4388ms (cache miss)
2722 http fetch GET 200 https://registry.npmjs.org/fdir/-/fdir-6.5.0.tgz 4468ms (cache miss)
2723 http fetch GET 200 https://registry.npmjs.org/esbuild/-/esbuild-0.25.12.tgz 4494ms (cache miss)
2724 http fetch GET 200 https://registry.npmjs.org/keyv/-/keyv-5.6.0.tgz 4528ms (cache miss)
2725 http fetch GET 200 https://registry.npmjs.org/keyv/-/keyv-5.6.0.tgz 4544ms (cache miss)
2726 http fetch GET 200 https://registry.npmjs.org/ts-api-utils/-/ts-api-utils-2.5.0.tgz 4721ms (cache miss)
2727 http fetch GET 200 https://registry.npmjs.org/@humanfs/node/-/node-0.16.8.tgz 4573ms (cache miss)
2728 http fetch GET 200 https://registry.npmjs.org/keyv/-/keyv-5.6.0.tgz 4562ms (cache miss)
2729 http fetch GET 200 https://registry.npmjs.org/file-entry-cache/-/file-entry-cache-11.1.5.tgz 4559ms (cache miss)
2730 http fetch GET 200 https://registry.npmjs.org/commander/-/commander-7.2.0.tgz 4587ms (cache miss)
2731 http fetch GET 200 https://registry.npmjs.org/@csstools/media-query-list-parser/-/media-query-list-parser-4.0.3.tgz 4862ms (cache miss)
2732 http fetch GET 200 https://registry.npmjs.org/xml/-/xml-1.0.1.tgz 4761ms (cache miss)
2733 http fetch GET 200 https://registry.npmjs.org/hashery/-/hashery-1.5.1.tgz 4982ms (cache miss)
2734 http fetch GET 200 https://registry.npmjs.org/eslint-visitor-keys/-/eslint-visitor-keys-5.0.1.tgz 4692ms (cache miss)
2735 http fetch GET 200 https://registry.npmjs.org/prelude-ls/-/prelude-ls-1.2.1.tgz 4827ms (cache miss)
2736 http fetch GET 200 https://registry.npmjs.org/espree/-/espree-10.4.0.tgz 4853ms (cache miss)
2737 http fetch GET 200 https://registry.npmjs.org/gonzales-pe/-/gonzales-pe-4.3.0.tgz 4974ms (cache miss)
2738 http fetch GET 200 https://registry.npmjs.org/meow/-/meow-13.2.0.tgz 5083ms (cache miss)
2739 http fetch GET 200 https://registry.npmjs.org/bl/-/bl-4.1.0.tgz 5017ms (cache miss)
2740 http fetch GET 200 https://registry.npmjs.org/picomatch/-/picomatch-4.0.7.tgz 4871ms (cache miss)
2741 http fetch GET 200 https://registry.npmjs.org/@eslint-community/regexpp/-/regexpp-4.12.2.tgz 4944ms (cache miss)
2742 http fetch GET 200 https://registry.npmjs.org/json-schema-traverse/-/json-schema-traverse-1.0.0.tgz 4955ms (cache miss)
2743 http fetch GET 200 https://registry.npmjs.org/@vue/compiler-core/-/compiler-core-3.5.43.tgz 5156ms (cache miss)
2744 http fetch GET 200 https://registry.npmjs.org/@eslint/object-schema/-/object-schema-2.1.7.tgz 5078ms (cache miss)
2745 http fetch GET 200 https://registry.npmjs.org/@humanfs/core/-/core-0.19.2.tgz 5116ms (cache miss)
2746 http fetch GET 200 https://registry.npmjs.org/@typescript-eslint/types/-/types-8.71.0.tgz 5234ms (cache miss)
2747 http fetch GET 200 https://registry.npmjs.org/@eslint-community/eslint-utils/-/eslint-utils-4.10.1.tgz 5088ms (cache miss)
2748 http fetch GET 200 https://registry.npmjs.org/@eslint/plugin-kit/-/plugin-kit-0.4.1.tgz 5132ms (cache miss)
2749 http fetch GET 200 https://registry.npmjs.org/json5/-/json5-2.2.3.tgz 5438ms (cache miss)
2750 http fetch GET 200 https://registry.npmjs.org/magic-string/-/magic-string-0.30.21.tgz 5382ms (cache miss)
2751 http fetch GET 200 https://registry.npmjs.org/commander/-/commander-11.1.0.tgz 5325ms (cache miss)
2752 http fetch GET 200 https://registry.npmjs.org/commander/-/commander-12.1.0.tgz 5275ms (cache miss)
2753 http fetch GET 200 https://registry.npmjs.org/commander/-/commander-12.1.0.tgz 5283ms (cache miss)
2754 http fetch GET 200 https://registry.npmjs.org/commander/-/commander-12.1.0.tgz 5283ms (cache miss)
2755 http fetch GET 200 https://registry.npmjs.org/commander/-/commander-12.1.0.tgz 5282ms (cache miss)
2756 http fetch GET 200 https://registry.npmjs.org/commander/-/commander-12.1.0.tgz 5283ms (cache miss)
2757 http fetch GET 200 https://registry.npmjs.org/commander/-/commander-12.1.0.tgz 5309ms (cache miss)
2758 http fetch GET 200 https://registry.npmjs.org/eslint-scope/-/eslint-scope-8.4.0.tgz 5394ms (cache miss)
2759 http fetch GET 200 https://registry.npmjs.org/acorn/-/acorn-8.18.0.tgz 5448ms (cache miss)
2760 http fetch GET 200 https://registry.npmjs.org/fast-json-stable-stringify/-/fast-json-stable-stringify-2.1.0.tgz 5436ms (cache miss)
2761 http fetch GET 200 https://registry.npmjs.org/balanced-match/-/balanced-match-4.0.4.tgz 5398ms (cache miss)
2762 http fetch GET 200 https://registry.npmjs.org/estree-walker/-/estree-walker-2.0.2.tgz 5586ms (cache miss)
2763 http fetch GET 200 https://registry.npmjs.org/source-map-js/-/source-map-js-1.2.1.tgz 5591ms (cache miss)
2764 http fetch GET 200 https://registry.npmjs.org/brace-expansion/-/brace-expansion-5.0.12.tgz 5424ms (cache miss)
2765 http fetch GET 200 https://registry.npmjs.org/hookified/-/hookified-2.2.0.tgz 5453ms (cache miss)
2766 http fetch GET 200 https://registry.npmjs.org/cosmiconfig/-/cosmiconfig-9.0.2.tgz 5669ms (cache miss)
2767 http fetch GET 200 https://registry.npmjs.org/requirejs/-/requirejs-2.3.8.tgz 5579ms (cache miss)
2768 http fetch GET 200 https://registry.npmjs.org/@vue/compiler-dom/-/compiler-dom-3.5.43.tgz 5631ms (cache miss)
2769 http fetch GET 200 https://registry.npmjs.org/@dual-bundle/import-meta-resolve/-/import-meta-resolve-4.2.1.tgz 5690ms (cache miss)
2770 http fetch GET 200 https://registry.npmjs.org/nanoid/-/nanoid-3.3.19.tgz 6236ms (cache miss)
2771 http fetch GET 200 https://registry.npmjs.org/minimist/-/minimist-1.2.8.tgz 6264ms (cache miss)
2772 http fetch GET 200 https://registry.npmjs.org/tapable/-/tapable-2.3.3.tgz 6217ms (cache miss)
2773 http fetch GET 200 https://registry.npmjs.org/minipass/-/minipass-7.1.3.tgz 6219ms (cache miss)
2774 http fetch GET 200 https://registry.npmjs.org/@discoveryjs/json-ext/-/json-ext-1.1.0.tgz 6264ms (cache miss)
2775 http fetch GET 200 https://registry.npmjs.org/@eslint/config-array/-/config-array-0.21.2.tgz 6215ms (cache miss)
2776 http fetch GET 200 https://registry.npmjs.org/path-scurry/-/path-scurry-2.0.2.tgz 6295ms (cache miss)
2777 http fetch GET 200 https://registry.npmjs.org/ts-graphviz/-/ts-graphviz-2.1.6.tgz 6381ms (cache miss)
2778 http fetch GET 200 https://registry.npmjs.org/postcss-values-parser/-/postcss-values-parser-6.0.2.tgz 6507ms (cache miss)
2779 http fetch GET 200 https://registry.npmjs.org/source-map/-/source-map-0.6.1.tgz 6630ms (cache miss)
2780 http fetch GET 200 https://registry.npmjs.org/mdn-data/-/mdn-data-2.27.1.tgz 6697ms (cache miss)
2781 http fetch GET 200 https://registry.npmjs.org/esquery/-/esquery-1.7.0.tgz 6507ms (cache miss)
2782 http fetch GET 200 https://registry.npmjs.org/app-module-path/-/app-module-path-2.2.0.tgz 6631ms (cache miss)
2783 http fetch GET 200 https://registry.npmjs.org/@babel/parser/-/parser-7.29.9.tgz 6696ms (cache miss)
2784 http fetch GET 200 https://registry.npmjs.org/readable-stream/-/readable-stream-3.6.2.tgz 6730ms (cache miss)
2785 http fetch GET 200 https://registry.npmjs.org/@jridgewell/sourcemap-codec/-/sourcemap-codec-1.6.0.tgz 6800ms (cache miss)
2786 http fetch GET 200 https://registry.npmjs.org/@vue/compiler-sfc/-/compiler-sfc-3.5.43.tgz 6850ms (cache miss)
2787 http fetch GET 200 https://registry.npmjs.org/fast-uri/-/fast-uri-3.1.8.tgz 7072ms (cache miss)
2788 http fetch GET 200 https://registry.npmjs.org/signal-exit/-/signal-exit-4.1.0.tgz 6858ms (cache miss)
2789 http fetch GET 200 https://registry.npmjs.org/fs-extra/-/fs-extra-11.4.1.tgz 6925ms (cache miss)
2790 http fetch GET 200 https://registry.npmjs.org/postcss-selector-parser/-/postcss-selector-parser-7.1.6.tgz 7229ms (cache miss)
2791 http fetch GET 200 https://registry.npmjs.org/@eslint/eslintrc/-/eslintrc-3.3.7.tgz 7074ms (cache miss)
2792 http fetch GET 200 https://registry.npmjs.org/semver/-/semver-7.8.5.tgz 7404ms (cache miss)
2793 http fetch GET 200 https://registry.npmjs.org/js-yaml/-/js-yaml-4.3.2.tgz 7339ms (cache miss)
2794 http fetch GET 200 https://registry.npmjs.org/postcss/-/postcss-8.5.28.tgz 7534ms (cache miss)
2795 http fetch GET 200 https://registry.npmjs.org/colord/-/colord-2.10.0.tgz 7718ms (cache miss)
2796 http fetch GET 200 https://registry.npmjs.org/node-sarif-builder/-/node-sarif-builder-3.2.0.tgz 7686ms (cache miss)
2797 http fetch GET 200 https://registry.npmjs.org/fast-glob/-/fast-glob-3.3.3.tgz 7910ms (cache miss)
2798 http fetch GET 200 https://registry.npmjs.org/uri-js/-/uri-js-4.4.1.tgz 7763ms (cache miss)
2799 http fetch GET 200 https://registry.npmjs.org/minimatch/-/minimatch-10.2.6.tgz 7774ms (cache miss)
2800 http fetch GET 200 https://registry.npmjs.org/minimatch/-/minimatch-10.2.6.tgz 7780ms (cache miss)
2801 http fetch GET 200 https://registry.npmjs.org/tsconfig-paths/-/tsconfig-paths-4.2.0.tgz 8082ms (cache miss)
2802 http fetch GET 200 https://registry.npmjs.org/glob/-/glob-13.0.6.tgz 8362ms (cache miss)
2803 http fetch GET 200 https://registry.npmjs.org/@typescript-eslint/typescript-estree/-/typescript-estree-8.71.0.tgz 8524ms (cache miss)
2804 http fetch GET 200 https://registry.npmjs.org/async/-/async-3.2.6.tgz 8512ms (cache miss)
2805 http fetch GET 200 https://registry.npmjs.org/@esbuild/win32-x64/-/win32-x64-0.25.12.tgz 8565ms (cache miss)
2806 http fetch GET 200 https://registry.npmjs.org/ajv/-/ajv-6.15.0.tgz 8647ms (cache miss)
2807 http fetch GET 200 https://registry.npmjs.org/resolve/-/resolve-1.22.12.tgz 8825ms (cache miss)
2808 http fetch GET 200 https://registry.npmjs.org/enhanced-resolve/-/enhanced-resolve-5.26.0.tgz 8841ms (cache miss)
2809 http fetch GET 200 https://registry.npmjs.org/table/-/table-6.9.0.tgz 9029ms (cache miss)
2810 http fetch GET 200 https://registry.npmjs.org/entities/-/entities-7.0.1.tgz 9067ms (cache miss)
2811 http fetch GET 200 https://registry.npmjs.org/madge/-/madge-8.0.0.tgz 9213ms (cache miss)
2812 http fetch GET 200 https://registry.npmjs.org/lru-cache/-/lru-cache-11.5.3.tgz 9627ms (cache miss)
2813 http fetch GET 200 https://registry.npmjs.org/@babel/types/-/types-7.29.8.tgz 10068ms (cache miss)
2814 http fetch GET 200 https://registry.npmjs.org/htmlhint/-/htmlhint-1.9.2.tgz 9991ms (cache miss)
2815 http fetch GET 200 https://registry.npmjs.org/typescript/-/typescript-5.9.3.tgz 10837ms (cache miss)
2816 http fetch GET 200 https://registry.npmjs.org/css-tree/-/css-tree-3.2.1.tgz 10992ms (cache miss)
2817 http fetch GET 200 https://registry.npmjs.org/eslint/-/eslint-9.39.5.tgz 11778ms (cache miss)
2818 warn deprecated eslint@9.39.5: This version is no longer supported. Please see https://eslint.org/version-support for other options.
2819 http fetch GET 200 https://registry.npmjs.org/ajv/-/ajv-8.20.0.tgz 11882ms (cache miss)
2820 http fetch GET 200 https://registry.npmjs.org/stylelint/-/stylelint-16.26.1.tgz 13166ms (cache miss)
2821 info run esbuild@0.25.12 postinstall node_modules/esbuild node install.js
2822 info run esbuild@0.25.12 postinstall { code: 0, signal: null }
2823 silly ADD node_modules/require-from-string
2824 silly ADD node_modules/fast-uri
2825 silly ADD node_modules/@keyv/serialize
2826 silly ADD node_modules/hashery
2827 silly ADD node_modules/qified
2828 silly ADD node_modules/qified/node_modules/hookified
2829 silly ADD node_modules/@cacheable/utils
2830 silly ADD node_modules/@cacheable/utils/node_modules/keyv
2831 silly ADD node_modules/@cacheable/memory
2832 silly ADD node_modules/@cacheable/memory/node_modules/keyv
2833 silly ADD node_modules/@cacheable/memory/node_modules/@keyv/bigmap
2834 silly ADD node_modules/hookified
2835 silly ADD node_modules/cacheable
2836 silly ADD node_modules/cacheable/node_modules/keyv
2837 silly ADD node_modules/isexe
2838 silly ADD node_modules/clone
2839 silly ADD node_modules/defaults
2840 silly ADD node_modules/punycode
2841 silly ADD node_modules/strip-bom
2842 silly ADD node_modules/json5
2843 silly ADD node_modules/@ts-graphviz/core
2844 silly ADD node_modules/@ts-graphviz/common
2845 silly ADD node_modules/@ts-graphviz/ast
2846 silly ADD node_modules/@ts-graphviz/adapter
2847 silly ADD node_modules/is-number
2848 silly ADD node_modules/astral-regex
2849 silly ADD node_modules/slice-ansi
2850 silly ADD node_modules/lodash.truncate
2851 silly ADD node_modules/has-flag
2852 silly ADD node_modules/is-fullwidth-code-point
2853 silly ADD node_modules/emoji-regex
2854 silly ADD node_modules/queue-microtask
2855 silly ADD node_modules/cssesc
2856 silly ADD node_modules/is-arrayish
2857 silly ADD node_modules/js-tokens
2858 silly ADD node_modules/lines-and-columns
2859 silly ADD node_modules/json-parse-even-better-errors
2860 silly ADD node_modules/error-ex
2861 silly ADD node_modules/@babel/code-frame
2862 silly ADD node_modules/to-regex-range
2863 silly ADD node_modules/fill-range
2864 silly ADD node_modules/picomatch
2865 silly ADD node_modules/braces
2866 silly ADD node_modules/path-type
2867 silly ADD node_modules/slash
2868 silly ADD node_modules/dir-glob
2869 silly ADD node_modules/array-union
2870 silly ADD node_modules/kind-of
2871 silly ADD node_modules/global-prefix
2872 silly ADD node_modules/global-prefix/node_modules/which
2873 silly ADD node_modules/reusify
2874 silly ADD node_modules/run-parallel
2875 silly ADD node_modules/fastq
2876 silly ADD node_modules/@nodelib/fs.scandir
2877 silly ADD node_modules/merge2
2878 silly ADD node_modules/@nodelib/fs.walk
2879 silly ADD node_modules/@nodelib/fs.stat
2880 silly ADD node_modules/mdn-data
2881 silly ADD node_modules/parse-json
2882 silly ADD node_modules/env-paths
2883 silly ADD node_modules/write-file-atomic
2884 silly ADD node_modules/write-file-atomic/node_modules/signal-exit
2885 silly ADD node_modules/table
2886 silly ADD node_modules/table/node_modules/json-schema-traverse
2887 silly ADD node_modules/table/node_modules/ajv
2888 silly ADD node_modules/svg-tags
2889 silly ADD node_modules/supports-hyperlinks
2890 silly ADD node_modules/string-width
2891 silly ADD node_modules/postcss-value-parser
2892 silly ADD node_modules/postcss-safe-parser
2893 silly ADD node_modules/postcss-resolve-nested-selector
2894 silly ADD node_modules/normalize-path
2895 silly ADD node_modules/micromatch
2896 silly ADD node_modules/meow
2897 silly ADD node_modules/mathml-tag-names
2898 silly ADD node_modules/known-css-properties
2899 silly ADD node_modules/is-plain-object
2900 silly ADD node_modules/html-tags
2901 silly ADD node_modules/globjoin
2902 silly ADD node_modules/globby
2903 silly ADD node_modules/global-modules
2904 silly ADD node_modules/fastest-levenshtein
2905 silly ADD node_modules/fast-glob
2906 silly ADD node_modules/fast-glob/node_modules/glob-parent
2907 silly ADD node_modules/css-tree
2908 silly ADD node_modules/css-functions-list
2909 silly ADD node_modules/cosmiconfig
2910 silly ADD node_modules/colord
2911 silly ADD node_modules/@dual-bundle/import-meta-resolve
2912 silly ADD node_modules/postcss-selector-parser
2913 silly ADD node_modules/@csstools/selector-specificity
2914 silly ADD node_modules/@csstools/media-query-list-parser
2915 silly ADD node_modules/@csstools/css-syntax-patches-for-csstree
2916 silly ADD node_modules/@csstools/css-tokenizer
2917 silly ADD node_modules/@csstools/css-parser-algorithms
2918 silly ADD node_modules/ansi-regex
2919 silly ADD node_modules/is-regexp
2920 silly ADD node_modules/is-obj
2921 silly ADD node_modules/get-own-enumerable-property-symbols
2922 silly ADD node_modules/safe-buffer
2923 silly ADD node_modules/any-promise
2924 silly ADD node_modules/shebang-regex
2925 silly ADD node_modules/mimic-fn
2926 silly ADD node_modules/signal-exit
2927 silly ADD node_modules/onetime
2928 silly ADD node_modules/function-bind
2929 silly ADD node_modules/hasown
2930 silly ADD node_modules/supports-preserve-symlinks-flag
2931 silly ADD node_modules/path-parse
2932 silly ADD node_modules/is-core-module
2933 silly ADD node_modules/es-errors
2934 silly ADD node_modules/stringify-object
2935 silly ADD node_modules/util-deprecate
2936 silly ADD node_modules/string_decoder
2937 silly ADD node_modules/ini
2938 silly ADD node_modules/deep-extend
2939 silly ADD node_modules/parse-ms
2940 silly ADD node_modules/quote-unquote
2941 silly ADD node_modules/picocolors
2942 silly ADD node_modules/nanoid
2943 silly ADD node_modules/@jridgewell/sourcemap-codec
2944 silly ADD node_modules/minimist
2945 silly ADD node_modules/source-map
2946 silly ADD node_modules/esprima
2947 silly ADD node_modules/entities
2948 silly ADD node_modules/source-map-js
2949 silly ADD node_modules/magic-string
2950 silly ADD node_modules/estree-walker
2951 silly ADD node_modules/@vue/shared
2952 silly ADD node_modules/@vue/compiler-ssr
2953 silly ADD node_modules/@vue/compiler-dom
2954 silly ADD node_modules/@vue/compiler-core
2955 silly ADD node_modules/@vue/compiler-sfc
2956 silly ADD node_modules/ts-api-utils
2957 silly ADD node_modules/tinyglobby
2958 silly ADD node_modules/tinyglobby/node_modules/picomatch
2959 silly ADD node_modules/tinyglobby/node_modules/fdir
2960 silly ADD node_modules/semver
2961 silly ADD node_modules/@typescript-eslint/visitor-keys
2962 silly ADD node_modules/@typescript-eslint/visitor-keys/node_modules/eslint-visitor-keys
2963 silly ADD node_modules/@typescript-eslint/types
2964 silly ADD node_modules/@typescript-eslint/tsconfig-utils
2965 silly ADD node_modules/@typescript-eslint/project-service
2966 silly ADD node_modules/@typescript-eslint/typescript-estree
2967 silly ADD node_modules/@typescript-eslint/typescript-estree/node_modules/balanced-match
2968 silly ADD node_modules/@typescript-eslint/typescript-estree/node_modules/brace-expansion
2969 silly ADD node_modules/@typescript-eslint/typescript-estree/node_modules/minimatch
2970 silly ADD node_modules/postcss-values-parser
2971 silly ADD node_modules/is-url-superb
2972 silly ADD node_modules/get-amd-module-type
2973 silly ADD node_modules/escodegen
2974 silly ADD node_modules/gonzales-pe
2975 silly ADD node_modules/detective-vue2
2976 silly ADD node_modules/detective-typescript
2977 silly ADD node_modules/detective-stylus
2978 silly ADD node_modules/detective-scss
2979 silly ADD node_modules/detective-sass
2980 silly ADD node_modules/postcss
2981 silly ADD node_modules/detective-postcss
2982 silly ADD node_modules/detective-es6
2983 silly ADD node_modules/detective-cjs
2984 silly ADD node_modules/detective-amd
2985 silly ADD node_modules/@dependents/detective-less
2986 silly ADD node_modules/lru-cache
2987 silly ADD node_modules/callsites
2988 silly ADD node_modules/yocto-queue
2989 silly ADD node_modules/p-limit
2990 silly ADD node_modules/restore-cursor
2991 silly ADD node_modules/ieee754
2992 silly ADD node_modules/base64-js
2993 silly ADD node_modules/readable-stream
2994 silly ADD node_modules/inherits
2995 silly ADD node_modules/buffer
2996 silly ADD node_modules/wcwidth
2997 silly ADD node_modules/strip-ansi
2998 silly ADD node_modules/log-symbols
2999 silly ADD node_modules/is-unicode-supported
3000 silly ADD node_modules/is-interactive
3001 silly ADD node_modules/cli-spinners
3002 silly ADD node_modules/cli-cursor
3003 silly ADD node_modules/bl
3004 silly ADD node_modules/word-wrap
3005 silly ADD node_modules/fast-levenshtein
3006 silly ADD node_modules/deep-is
3007 silly ADD node_modules/@babel/helper-validator-identifier
3008 silly ADD node_modules/@babel/helper-string-parser
3009 silly ADD node_modules/@babel/types
3010 silly ADD node_modules/@babel/parser
3011 silly ADD node_modules/@types/sarif
3012 silly ADD node_modules/requirejs-config-file
3013 silly ADD node_modules/requirejs
3014 silly ADD node_modules/node-source-walk
3015 silly ADD node_modules/ast-module-types
3016 silly ADD node_modules/concat-map
3017 silly ADD node_modules/balanced-match
3018 silly ADD node_modules/brace-expansion
3019 silly ADD node_modules/tapable
3020 silly ADD node_modules/tsconfig-paths
3021 silly ADD node_modules/stylus-lookup
3022 silly ADD node_modules/stylus-lookup/node_modules/commander
3023 silly ADD node_modules/sass-lookup
3024 silly ADD node_modules/sass-lookup/node_modules/commander
3025 silly ADD node_modules/resolve-dependency-path
3026 silly ADD node_modules/resolve
3027 silly ADD node_modules/module-lookup-amd
3028 silly ADD node_modules/module-lookup-amd/node_modules/commander
3029 silly ADD node_modules/module-definition
3030 silly ADD node_modules/enhanced-resolve
3031 silly ADD node_modules/app-module-path
3032 silly ADD node_modules/typescript
3033 silly ADD node_modules/precinct
3034 silly ADD node_modules/precinct/node_modules/commander
3035 silly ADD node_modules/filing-cabinet
3036 silly ADD node_modules/filing-cabinet/node_modules/commander
3037 silly ADD node_modules/@discoveryjs/json-ext
3038 silly ADD node_modules/walkdir
3039 silly ADD node_modules/ts-graphviz
3040 silly ADD node_modules/stream-to-array
3041 silly ADD node_modules/rc
3042 silly ADD node_modules/rc/node_modules/strip-json-comments
3043 silly ADD node_modules/pretty-ms
3044 silly ADD node_modules/pluralize
3045 silly ADD node_modules/ora
3046 silly ADD node_modules/dependency-tree
3047 silly ADD node_modules/dependency-tree/node_modules/commander
3048 silly ADD node_modules/commondir
3049 silly ADD node_modules/p-locate
3050 silly ADD node_modules/type-check
3051 silly ADD node_modules/prelude-ls
3052 silly ADD node_modules/json-buffer
3053 silly ADD node_modules/argparse
3054 silly ADD node_modules/is-extglob
3055 silly ADD node_modules/resolve-from
3056 silly ADD node_modules/parent-module
3057 silly ADD node_modules/path-scurry
3058 silly ADD node_modules/minipass
3059 silly ADD node_modules/xml
3060 silly ADD node_modules/node-sarif-builder
3061 silly ADD node_modules/glob
3062 silly ADD node_modules/glob/node_modules/balanced-match
3063 silly ADD node_modules/glob/node_modules/brace-expansion
3064 silly ADD node_modules/glob/node_modules/minimatch
3065 silly ADD node_modules/commander
3066 silly ADD node_modules/async
3067 silly ADD node_modules/universalify
3068 silly ADD node_modules/jsonfile
3069 silly ADD node_modules/graceful-fs
3070 silly ADD node_modules/keyv
3071 silly ADD node_modules/flatted
3072 silly ADD node_modules/path-exists
3073 silly ADD node_modules/locate-path
3074 silly ADD node_modules/flat-cache
3075 silly ADD node_modules/acorn-jsx
3076 silly ADD node_modules/acorn
3077 silly ADD node_modules/estraverse
3078 silly ADD node_modules/esrecurse
3079 silly ADD node_modules/ms
3080 silly ADD node_modules/which
3081 silly ADD node_modules/shebang-command
3082 silly ADD node_modules/path-key
3083 silly ADD node_modules/color-name
3084 silly ADD node_modules/color-convert
3085 silly ADD node_modules/supports-color
3086 silly ADD node_modules/ansi-styles
3087 silly ADD node_modules/uri-js
3088 silly ADD node_modules/json-schema-traverse
3089 silly ADD node_modules/fast-json-stable-stringify
3090 silly ADD node_modules/@humanfs/types
3091 silly ADD node_modules/@humanfs/core
3092 silly ADD node_modules/levn
3093 silly ADD node_modules/strip-json-comments
3094 silly ADD node_modules/js-yaml
3095 silly ADD node_modules/import-fresh
3096 silly ADD node_modules/@types/json-schema
3097 silly ADD node_modules/@eslint/object-schema
3098 silly ADD node_modules/optionator
3099 silly ADD node_modules/natural-compare
3100 silly ADD node_modules/minimatch
3101 silly ADD node_modules/lodash.merge
3102 silly ADD node_modules/json-stable-stringify-without-jsonify
3103 silly ADD node_modules/is-glob
3104 silly ADD node_modules/imurmurhash
3105 silly ADD node_modules/ignore
3106 silly ADD node_modules/glob-parent
3107 silly ADD node_modules/find-up
3108 silly ADD node_modules/file-entry-cache
3109 silly ADD node_modules/fast-deep-equal
3110 silly ADD node_modules/esutils
3111 silly ADD node_modules/esquery
3112 silly ADD node_modules/espree
3113 silly ADD node_modules/eslint-visitor-keys
3114 silly ADD node_modules/eslint-scope
3115 silly ADD node_modules/escape-string-regexp
3116 silly ADD node_modules/debug
3117 silly ADD node_modules/cross-spawn
3118 silly ADD node_modules/chalk
3119 silly ADD node_modules/ajv
3120 silly ADD node_modules/@types/estree
3121 silly ADD node_modules/@humanwhocodes/retry
3122 silly ADD node_modules/@humanwhocodes/module-importer
3123 silly ADD node_modules/@humanfs/node
3124 silly ADD node_modules/@eslint/plugin-kit
3125 silly ADD node_modules/@eslint/eslintrc
3126 silly ADD node_modules/@eslint/eslintrc/node_modules/globals
3127 silly ADD node_modules/@eslint/core
3128 silly ADD node_modules/@eslint/config-helpers
3129 silly ADD node_modules/@eslint/config-array
3130 silly ADD node_modules/@eslint-community/regexpp
3131 silly ADD node_modules/@eslint-community/eslint-utils
3132 silly ADD node_modules/@eslint-community/eslint-utils/node_modules/eslint-visitor-keys
3133 silly ADD node_modules/@esbuild/win32-x64
3134 silly ADD node_modules/stylelint-config-recommended
3135 silly ADD node_modules/stylelint
3136 silly ADD node_modules/stylelint/node_modules/flat-cache
3137 silly ADD node_modules/stylelint/node_modules/resolve-from
3138 silly ADD node_modules/stylelint/node_modules/ignore
3139 silly ADD node_modules/stylelint/node_modules/file-entry-cache
3140 silly ADD node_modules/stylelint/node_modules/balanced-match
3141 silly ADD node_modules/madge
3142 silly ADD node_modules/madge/node_modules/commander
3143 silly ADD node_modules/htmlhint
3144 silly ADD node_modules/globals
3145 silly ADD node_modules/fs-extra
3146 silly ADD node_modules/eslint
3147 silly ADD node_modules/esbuild
3148 silly ADD node_modules/@eslint/js
3149 verbose cwd C:\Users\mohith shetty\Downloads\undangan-4.x\undangan-4.x
3150 verbose os Windows_NT 10.0.26200
3151 verbose node v24.14.0
3152 verbose npm  v11.9.0
3153 notice
3153 notice New minor version of npm available! 11.9.0 -> 11.20.0
3153 notice Changelog: https://github.com/npm/cli/releases/tag/v11.20.0
3153 notice To update run: npm install -g npm@11.20.0
3153 notice  { force: true, Symbol(proc-log.meta): true }
3154 verbose exit 0
3155 info ok
